Employee_ID,Employee_Name,Age,Years_of_Service,Position,Gender,Department,Salary,Performance_Rating,Work_Hours,Attrition,Promotion,Training_Hours,Satisfaction_Score,Education_Level,Employee_Engagement_Score,Absenteeism,Distance_from_Work,JobSatisfaction_PeerRelationship,JobSatisfaction_WorkLifeBalance,JobSatisfaction_Compensation,JobSatisfaction_Management,JobSatisfaction_JobSecurity,EmployeeBenefit_HealthInsurance,EmployeeBenefit_PaidLeave,EmployeeBenefit_RetirementPlan,EmployeeBenefit_GymMembership,EmployeeBenefit_ChildCare
E00001,Aniket Sastry,40,15,CEO,M,,10000000,5,40,No,No,0,5,PhD,4,19,20.48,1,1,1,1,1,1,1,1,1,1
E00002,Arnav Dayal,50,6,Director,M,HR,5000000,3,50,No,Yes,11,3,Diploma,4,0,20.92,0,0,1,0,0,1,0,1,1,1
E00003,Yuvaan Srinivasan,21,1,Intern,Male,Marketing,414577,4,50,No,No,9,4,Bachelor's,3,17,19.93,1,1,1,1,0,1,1,0,0,0
E00004,Anvi Gola,33,3,IT support specialist,M,IT,766566,1,50,No,No,20,3,Bachelor's,5,8,25.24,1,1,0,1,1,1,0,0,0,0
E00005,Dishani Boase,41,5,Finance Manager,Female,Finance,1303798,5,50,Yes,Yes,49,3,Master's,2,20,9.05,1,0,1,1,1,1,0,0,0,0
E00006,Hiran Shroff,44,4,Marketing Associate,Female,Marketing,1221089,2,40,No,Yes,32,5,Diploma,4,0,33.55,1,1,1,1,1,0,1,0,0,0
E00007,Miraya Sura,23,1,Intern,Male,Finance,300000,5,55,Yes,No,33,5,Bachelor's,2,15,26.58,1,0,0,0,0,0,0,0,1,0
E00008,Hazel Sastry,29,3,Marketing Coordinator,Female,Marketing,1046122,1,50,No,No,9,3,PhD,3,3,35.07,1,0,1,1,1,0,0,0,1,0
E00009,Sahil Bawa,30,4,Financial Analyst,Male,Finance,538688,4,45,No,No,42,2,PhD,3,11,44.50,1,1,0,0,0,1,0,1,0,1
E00010,Piya Gandhi,38,2,Accountant,Male,Finance,932818,1,50,No,No,34,3,PhD,4,3,18.28,1,1,1,1,1,0,0,1,1,0
E00011,Jhanvi Bedi,41,3,Director,Female,Finance,1718723,4,55,No,Yes,46,2,Diploma,4,4,8.98,1,1,0,1,0,1,0,0,0,0
E00012,Adira Dugar,27,2,Financial Analyst,Male,Finance,668715,2,40,No,No,6,1,Bachelor's,5,1,25.30,0,1,1,0,1,0,1,1,1,0
E00013,Ishita Khare,50,3,Logistics Coordinator,M,Operations,958300,2,50,Yes,No,39,3,Bachelor's,1,6,44.21,1,1,1,1,1,1,1,1,0,1
E00014,Elakshi De,28,6,Recruiter,Female,HR,881271,1,50,No,Yes,16,1,Bachelor's,3,1,27.94,1,0,1,1,0,0,0,1,0,0
E00015,Zara Mahal,30,2,Data Analyst,Female,IT,1027841,5,50,Yes,Yes,14,3,PhD,2,5,27.95,1,1,1,1,1,0,1,0,1,1
E00016,Divij Sem,27,1,DataAnalyst,Male,IT,798234,2,50,No,Yes,47,3,Diploma,5,2,10.90,0,1,1,1,1,1,1,1,1,1
E00017,Rhea Tella,22,1,Intern,Male,HR,361681,3,40,No,No,31,4,Diploma,4,17,31.58,0,0,1,0,0,1,1,1,1,1
E00018,Manjari Koshy,27,3,Analyst,M,IT,1025362,3,50,No,Yes,40,1,Diploma,5,15,41.90,1,1,1,1,1,0,1,1,1,1
E00019,Nirvaan Sethi,24,0,Intern,Male,HR,344904,3,40,No,No,48,3,Diploma,3,18,8.32,0,1,1,1,0,1,0,1,0,0
E00020,Renee Virk,37,2,Operations Manager,Male,Operations,1346743,4,55,No,Yes,26,5,Diploma,3,12,33.13,1,1,0,1,0,0,0,1,0,1
E00021,Kanav Mander,47,5,Finance Manager,M,Finance,1239919,3,45,No,Yes,15,2,Master's,4,14,18.93,0,1,1,1,0,1,1,1,0,1
E00022,Nakul Suri,24,0,Intern,Female,Sales,466024,5,50,No,No,49,4,Diploma,5,5,49.88,0,0,0,1,0,0,0,1,1,0
E00023,Zaina Magar,43,4,Operations Manager,Male,Operations,885443,4,50,Yes,No,26,5,Master's,3,10,26.66,1,1,0,0,0,1,0,0,0,0
E00024,Divij Baria,27,3,Marketing Coordinator,Female,Marketing,1190834,4,50,No,Yes,15,3,Diploma,3,16,15.57,1,0,1,1,1,1,1,1,1,1
E00025,Diya Konda,34,3,Analytics Team Leader,Female,IT,2068507,3,55,No,Yes,20,3,Bachelor's,3,18,28.30,1,1,1,1,1,0,0,0,1,0
E00026,Romil Majumdar,36,2,HR Coordinator,Male,HR,1458947,3,40,Yes,Yes,35,3,PhD,1,6,14.09,1,1,0,1,1,0,1,0,0,1
E00027,Renee Bhatia,21,1,Intern,Male,Operations,357208,5,55,No,No,30,2,Diploma,3,20,21.42,1,1,0,1,1,1,1,1,1,1
E00028,Hrishita Chaudry,50,4,Sales Representative,Male,Sales,593727,3,45,Yes,Yes,15,5,Bachelor's,3,18,22.08,0,1,1,1,1,1,1,0,1,1
E00029,Ahana  Bath,37,3,Sales Manager,Female,Sales,1824218,4,45,Yes,No,11,1,Master's,2,18,24.18,1,0,0,1,1,1,1,1,1,1
E00030,Samar Mani,50,3,Marketing Coordinator,F,Marketing,1297488,5,50,Yes,No,28,1,Master's,2,6,28.18,1,1,0,1,0,1,1,1,1,1
E00031,Riaan Chanda,28,1,Finance Manager,Male,Finance,1105367,3,45,No,No,15,2,Diploma,4,14,11.23,0,1,0,0,1,0,0,1,0,1
E00032,Kabir Babu,21,1,Intern,Male,Sales,407180,4,40,No,No,34,4,Bachelor's,4,14,49.23,1,1,0,1,1,1,1,1,1,1
E00033,Anika Banerjee,39,1,Analytics Team Leader,Female,IT,2105209,3,40,No,No,11,1,PhD,3,16,44.38,0,0,1,0,1,1,1,0,1,1
E00034,Parinaaz Shukla,50,4,AccountExec.,Male,Sales,893793,4,55,Yes,No,50,3,Bachelor's,3,6,33.70,1,1,1,1,0,1,0,0,0,0
E00035,Indrajit Bahl,50,10,COO,M,,7500000,3,55,No,No,14,2,Bachelor's,4,0,18.68,1,0,1,1,1,0,1,1,1,1
E00036,Rati Thakkar,50,5,Marketing Coordinator,F,Marketing,1153649,1,55,No,Yes,26,3,Master's,4,0,18.16,0,1,1,1,1,1,1,1,1,1
E00037,Renee Lala,50,4,Accountant,Female,Finance,869358,2,40,No,Yes,7,4,Diploma,4,17,12.11,0,1,1,0,1,1,1,0,1,1
E00038,Elakshi Tak,50,3,Marketing Associate,F,Marketing,1369421,4,50,No,No,49,2,Diploma,4,20,21.09,1,1,1,0,1,1,0,1,0,0
E00040,Kavya Devan,37,1,Senior Analyst,Female,IT,1697719,4,40,Yes,No,24,2,Master's,1,7,21.53,1,1,0,1,1,0,1,0,1,0
E00041,Bhamini Sahota,33,2,Financial Analyst,Male,Finance,688564,4,55,Yes,Yes,24,5,PhD,2,12,35.63,0,1,1,1,1,0,1,0,0,0
E00042,Dharmajan Gaba,23,1,Analytics Intern,Male,IT,309883,2,50,Yes,No,22,5,Diploma,2,0,45.28,0,1,0,0,1,1,1,1,1,1
E00043,Aradhya Raj,38,4,AccountExec.,Male,Sales,661123,2,45,Yes,Yes,16,5,Diploma,1,4,41.33,0,1,0,1,0,1,1,1,1,1
E00044,Kanav Dara,21,0,Intern,Female,Operations,314911,4,45,No,No,42,4,Diploma,3,1,43.40,1,1,0,0,0,0,1,0,0,0
E00045,Sana Deshmukh,30,1,Logistics Coordinator,Male,Operations,825706,2,55,Yes,Yes,47,2,Bachelor's,2,5,23.93,0,1,1,0,1,1,0,1,0,1
E00046,Renee Choudhary,24,0,Intern,Male,Sales,329389,2,40,Yes,No,18,4,Diploma,3,9,48.27,0,0,1,1,1,1,1,0,0,0
E00047,Yashvi Chada,50,1,Sales Manager,M,Sales,1303089,5,55,No,No,30,2,Bachelor's,3,11,39.55,1,1,0,0,1,0,0,0,0,1
E00048,Aaryahi Tandon,50,5,Finance Manager,M,Finance,1286872,2,40,No,Yes,35,4,PhD,5,7,46.52,1,1,0,0,0,0,1,0,0,0
E00049,Divyansh Srinivas,50,5,Marketing Coordinator,Female,Marketing,1297106,1,50,Yes,No,50,4,Bachelor's,3,1,22.01,0,0,0,1,0,0,0,1,1,1
E00050,Rasha Choudhary,23,1,Analytics Intern,Male,IT,439025,3,40,Yes,No,40,5,Diploma,2,15,13.36,1,0,1,0,1,0,1,1,1,1
E00051,Kaira Ravel,50,2,Marketing Coordinator,M,Marketing,1217884,5,45,No,Yes,6,3,Bachelor's,4,10,44.91,1,1,0,1,1,1,0,1,1,1
E00052,Anay Bhatia,50,5,HR Coordinator,M,HR,1145286,5,40,Yes,No,22,5,PhD,3,14,48.04,0,1,0,1,1,0,1,1,0,1
E00053,Mahika Thakur,50,3,Recruiter,Male,HR,947877,2,40,Yes,No,45,5,Diploma,2,18,37.97,1,1,1,1,0,0,1,1,0,0
E00054,Vihaan Bath,44,4,Logistics Coordinator,Male,Operations,659608,5,50,No,Yes,30,1,Bachelor's,5,19,6.94,0,0,1,0,0,0,0,0,1,0
E00055,Farhan Badami,42,3,Datawarehouse lead,M,IT,3000000,2,55,No,Yes,41,2,Diploma,3,7,21.24,0,1,1,0,1,0,1,0,1,1
E00056,Kartik Chanda,29,5,Senior Analyst,Female,IT,1529395,4,50,Yes,Yes,12,2,Bachelor's,3,16,38.03,0,0,0,1,1,1,1,1,1,1
E00057,Anvi Cheema,50,5,Sales Manager,M,Sales,1733809,1,40,Yes,Yes,24,1,PhD,1,10,6.06,1,1,1,1,1,1,1,1,0,1
E00058,Parinaaz Apte,34,4,Finance Manager,Female,Finance,1357658,4,50,No,No,28,3,Bachelor's,3,10,26.19,0,0,1,0,1,0,0,1,1,0
E00059,Miraya Bedi,25,2,Recruiter,Female,HR,688835,2,55,Yes,Yes,39,4,PhD,1,8,41.91,1,1,1,1,0,1,1,1,1,1
E00060,Darshit Choudhry,22,0,Intern,Female,Sales,461179,4,50,No,No,40,4,Diploma,3,11,39.61,0,0,0,0,1,0,1,0,0,0
E00062,Adira Chana,43,2,Sales Representative,Male,Sales,947288,1,50,Yes,No,23,5,PhD,3,18,46.75,1,1,1,0,0,1,1,1,1,1
E00063,Damini Kaur,20,0,Intern,Female,Marketing,434267,1,45,Yes,No,23,5,Bachelor's,2,3,14.54,0,0,0,0,1,1,0,1,1,1
E00064,Kimaya Bedi,24,1,Intern,Male,Sales,497343,5,40,Yes,No,10,4,Bachelor's,2,0,35.09,1,1,1,1,0,1,1,0,1,1
E00065,Krish De,25,2,Financial Analyst,Female,Finance,542302,1,45,Yes,No,33,1,Bachelor's,1,14,8.06,1,0,0,1,0,0,1,1,0,1
E00066,Sana Keer,20,1,Intern,Male,Finance,300000,1,55,Yes,No,49,5,Diploma,2,1,7.75,0,1,0,0,1,1,1,1,1,0
E00067,Rasha Samra,23,0,Analytics Intern,Male,IT,419356,1,40,No,No,19,3,Bachelor's,4,10,6.06,0,0,0,0,1,1,0,0,0,0
E00068,Tiya Balakrishnan,32,1,IT support specialist,Female,IT,909582,5,55,No,No,23,2,PhD,4,3,31.84,0,0,1,0,0,1,1,1,0,0
E00069,Ishaan Garg,50,6,Logistics Coordinator,Female,Operations,754814,2,50,No,Yes,35,2,PhD,5,6,21.06,1,1,0,0,1,1,0,1,0,1
E00070,Fateh Raju,47,4,Marketing Coordinator,Male,Marketing,1201354,2,40,Yes,No,6,3,PhD,2,4,26.79,0,0,1,0,0,1,1,0,1,1
E00071,Nitya Chahal,45,2,HR Coordinator,Female,HR,1000573,5,45,Yes,No,20,2,Bachelor's,2,5,44.23,0,0,0,0,1,1,1,1,1,1
E00072,Anaya Sangha,34,2,Marketing Manager,Female,Marketing,2384616,2,40,Yes,No,6,5,Master's,1,19,9.67,1,0,1,0,0,1,0,0,0,0
E00073,Jiya Vohra,25,0,Analytics Intern,Male,IT,376757,3,45,Yes,No,12,2,Bachelor's,2,18,41.02,1,1,1,1,1,1,1,0,1,0
E00074,Nehmat Gokhale,25,5,Content Creator,Female,Marketing,450508,3,40,Yes,No,6,4,Master's,1,3,43.83,1,1,1,1,1,0,0,1,1,0
E00075,Nirvi Dass,27,4,Content Creator,Female,Marketing,460526,1,50,No,No,26,1,Diploma,3,17,9.31,1,0,0,1,1,0,0,0,1,0
E00076,Jhanvi Sant,35,5,Recruiter,Male,HR,987776,1,45,No,No,32,5,Bachelor's,4,3,23.33,0,1,1,1,1,1,1,1,1,1
E00077,Amira Shanker,22,0,Intern,Female,Operations,319223,4,45,No,No,14,3,Bachelor's,5,11,14.59,1,1,1,1,1,1,1,1,1,1
E00078,Shamik Shankar,30,1,Marketing Coordinator,M,Marketing,1124091,4,55,Yes,No,24,5,Bachelor's,2,9,43.79,1,1,0,1,1,1,1,1,1,1
E00079,Inaaya  Dey,23,0,Intern,Female,Finance,300000,2,55,No,No,7,5,Bachelor's,3,4,38.33,0,1,1,1,1,1,1,1,1,1
E00080,Nakul Singh,23,1,Intern,Female,Finance,400000,3,55,No,No,11,2,Diploma,3,18,44.44,0,1,0,1,1,1,0,0,0,0
E00081,Sumer Ramaswamy,22,1,Intern,Male,Finance,450000,5,45,Yes,No,11,5,Diploma,2,8,5.37,0,0,0,0,1,1,1,1,1,1
E00082,Pari Gola,41,3,HR Coordinator,Female,HR,1129063,5,55,Yes,No,24,5,PhD,2,8,34.13,1,1,1,1,1,1,1,1,1,0
E00083,Saanvi Dubey,49,5,Accountant,Female,Finance,935600,2,50,Yes,Yes,34,4,Master's,1,20,13.15,0,0,1,0,1,1,1,1,1,1
E00084,Siya Johal,21,0,Intern,Female,Operations,497076,5,45,No,No,24,3,Diploma,3,1,44.99,1,0,1,1,1,1,0,0,1,0
E00085,Aarav Rajan,22,0,Intern,Male,Marketing,320206,2,40,No,No,13,2,Bachelor's,4,11,22.16,0,0,1,0,0,0,1,0,1,1
E00086,Rasha Ganesh,28,5,Sales Representative,Female,Sales,629799,5,50,Yes,No,32,5,Diploma,3,12,7.39,1,1,1,0,0,1,1,0,1,0
E00087,Nakul Choudhury,47,4,Sales Representative,Male,Sales,833202,5,50,Yes,No,21,5,Master's,2,14,20.95,1,0,1,0,1,0,1,0,0,1
E00088,Uthkarsh Savant,38,5,HR Coordinator,Female,HR,1179608,4,50,No,No,28,5,PhD,3,10,8.14,1,1,1,1,1,0,1,0,1,1
E00089,Arhaan Iyer,50,3,Financial Analyst,M,Finance,723896,5,50,Yes,No,21,4,PhD,3,4,24.10,0,1,0,1,1,0,0,0,1,0
E00090,Trisha Saini,50,4,Sales Representative,Female,Sales,527664,3,45,Yes,No,31,5,Diploma,1,5,45.14,1,0,1,1,1,1,1,1,1,1
E00092,Pranay Sarna,21,0,Intern,Male,Operations,303412,2,40,No,No,42,4,Bachelor's,4,16,23.32,0,0,0,1,0,0,0,1,0,1
E00094,Jhanvi Ramakrishnan,23,1,Intern,Male,Marketing,413544,1,40,Yes,No,24,3,Bachelor's,3,13,42.17,0,0,0,0,1,1,1,0,0,1
E00095,Armaan Kota,29,1,Finance Manager,Female,Finance,946365,2,45,No,Yes,41,3,Master's,5,6,37.39,0,1,0,1,0,0,0,0,1,0
E00096,Sahil Toor,22,1,Intern,Male,Sales,307143,2,50,No,No,35,4,Bachelor's,5,7,46.01,1,1,1,1,1,1,1,1,0,1
E00097,Badal Tailor,23,1,Intern,Female,HR,439933,2,45,No,No,32,5,Diploma,4,2,21.78,1,1,1,1,1,0,0,0,0,1
E00098,Kanav Mahal,48,6,SD 3,Female,IT,3274410,3,40,No,Yes,20,3,Diploma,4,17,49.82,0,1,1,1,1,1,1,1,0,1
E00099,Samaira Bhattacharyya,26,1,Analytics Intern,Female,IT,320182,3,40,Yes,No,50,4,Bachelor's,2,18,36.27,1,0,0,0,0,0,1,1,1,1
E00102,Abram Sekhon,23,1,Intern,Female,Finance,300000,4,40,No,No,47,2,Bachelor's,3,15,30.17,0,0,0,1,0,0,1,0,0,0
E00103,Pari Lalla,50,3,Marketing Associate,M,Marketing,1445189,3,45,Yes,No,34,4,Master's,1,16,10.53,1,0,1,1,0,1,1,1,1,1
E00105,Romil Dey,25,1,Account Exec.,Female,Sales,692373,1,45,Yes,Yes,13,4,PhD,2,2,48.27,1,1,1,1,1,1,1,1,0,1
E00106,Divyansh Khanna,27,4,Data Analyst,Female,IT,710018,1,55,No,Yes,11,2,PhD,4,5,33.57,1,1,1,1,1,1,1,1,1,0
E00107,Mishti Baria,23,1,Intern,Female,Marketing,488855,4,55,Yes,No,41,2,Bachelor's,3,19,15.69,1,1,1,1,1,1,0,0,0,0
E00108,Raghav Kara,44,1,Analytics Team Leader,M,IT,2764504,1,40,No,No,16,2,PhD,5,0,18.76,1,1,1,1,1,1,0,1,0,0
E00111,Ranbir Varghese,41,3,Senior Analyst,Female,IT,1629696,3,50,Yes,Yes,23,2,Master's,3,15,31.02,0,0,0,1,0,0,1,1,0,0
E00112,Arnav Bahri,48,3,HR Coordinator,F,HR,1366169,4,40,Yes,No,22,5,Diploma,2,7,17.57,0,0,1,1,0,1,0,0,0,0
E00113,Pihu Dayal,20,0,Intern,Male,HR,425742,2,45,Yes,No,11,5,Bachelor's,2,5,5.46,0,0,0,0,1,1,1,0,1,1
E00114,Tejas Mander,21,1,Intern,Female,Finance,300000,3,40,Yes,No,25,2,Bachelor's,1,18,40.58,1,1,1,0,1,1,1,1,1,1
E00115,Siya Sarna,21,1,Analytics Intern,Female,IT,352034,4,50,Yes,No,12,5,Diploma,1,19,41.36,1,0,1,1,0,0,0,0,0,1
E00116,Riya Rout,37,2,Senior Analyst,Male,IT,1843909,5,50,No,Yes,5,5,Master's,4,11,33.50,0,0,0,0,1,1,1,1,1,1
E00118,Heer Chakraborty,50,4,Sales Manager,F,Sales,1607619,3,40,Yes,Yes,9,2,PhD,2,1,39.62,1,1,0,1,1,1,1,1,0,0
E00119,Uthkarsh Raj,21,0,Intern,Male,HR,325385,1,50,No,No,41,2,Bachelor's,5,7,9.66,1,1,0,1,1,1,1,0,1,1
E00120,Aayush Biswas,27,4,Content Creator,F,Marketing,448634,4,50,No,Yes,49,5,Diploma,3,17,18.58,0,0,1,1,1,1,1,1,1,1
E00121,Purab Ganesan,24,0,Intern,Female,Sales,411844,5,40,No,No,25,4,Bachelor's,4,13,9.15,0,1,1,0,0,0,1,1,1,0
E00122,Vritika Gour,50,3,Finance Manager,Female,Finance,1350280,4,55,Yes,Yes,38,4,Diploma,2,17,16.62,1,1,1,1,1,1,1,1,1,1
E00123,Shayak Sridhar,25,5,DataAnalyst,Male,IT,1158875,3,45,Yes,Yes,7,2,Diploma,1,15,37.91,0,0,0,1,1,1,1,1,1,1
E00124,Arnav Deshmukh,50,2,Finance Manager,Female,Finance,1374204,2,50,No,No,22,1,Diploma,3,0,31.41,1,0,0,1,1,1,0,0,1,1
E00126,Taran Hora,33,2,HR Manager,Male,HR,2174953,1,45,No,No,46,5,Master's,3,0,40.02,1,0,0,1,1,1,1,1,0,1
E00127,Ritvik Bhandari,22,1,Intern,Female,Finance,300000,3,45,No,No,36,3,Bachelor's,3,20,14.17,1,1,0,0,0,0,0,1,1,1
E00128,Sana Dar,50,2,HR Manager,Female,HR,1741877,3,45,Yes,No,32,3,Diploma,3,20,43.30,1,1,1,1,1,0,0,0,0,1
E00129,Ryan Chakraborty,48,2,HR Coordinator,Female,HR,1091912,2,45,Yes,No,12,5,Bachelor's,1,3,36.21,1,0,1,1,1,0,0,1,1,1
E00131,Rohan Johal,23,1,Intern,Female,Marketing,366095,5,50,No,No,21,1,Bachelor's,5,1,41.76,1,1,1,1,1,0,1,1,0,0
E00132,Divyansh Mand,47,2,Finance Manager,M,Finance,1314320,3,40,No,No,48,4,Bachelor's,5,0,45.31,1,1,1,1,1,0,1,0,1,1
E00133,Anika Ganguly,48,5,Recruiter,Male,HR,891790,4,45,No,Yes,50,3,Master's,4,11,25.29,1,1,1,1,1,0,0,0,1,0
E00134,Gatik Khatri,19,0,Intern,Male,Marketing,367798,1,50,No,No,17,4,Bachelor's,4,6,21.26,0,1,1,1,1,1,1,1,1,0
E00136,Armaan Dora,50,1,Logistics Coordinator,Male,Operations,584909,2,55,Yes,Yes,43,3,Diploma,1,15,23.65,0,1,1,1,1,0,0,1,1,1
E00137,Sara Sankar,34,6,Account Executive,Male,Sales,904508,2,50,No,Yes,25,4,PhD,5,1,22.47,1,1,1,1,1,1,1,0,0,1
E00138,Ivan Rattan,50,6,Accountant,Female,Finance,964337,5,55,No,No,16,1,Bachelor's,3,17,35.18,1,1,1,0,0,1,1,0,1,0
E00139,Zara Reddy,22,1,Intern,Female,Sales,424180,5,45,No,No,7,5,Bachelor's,5,7,7.75,0,0,1,0,0,1,1,1,1,1
E00140,Chirag Swamy,20,1,Intern,Female,Marketing,367871,3,55,No,No,8,4,Diploma,5,8,15.89,1,1,1,1,1,1,1,1,1,1
E00142,Biju Hans,47,4,HR Manager,M,HR,2407719,1,50,Yes,No,17,5,Bachelor's,1,10,47.89,1,1,1,1,0,1,1,0,0,1
E00143,Divyansh Hegde,21,0,Analytics Intern,Female,IT,376154,4,40,No,No,11,5,Bachelor's,4,9,29.41,1,1,1,1,1,1,0,0,0,1
E00146,Madhup De,30,1,Sales Representative,Male,Sales,934476,3,50,Yes,Yes,36,4,Diploma,2,0,26.74,1,0,1,1,1,1,1,1,0,1
E00148,Farhan Balay,23,1,Intern,Male,HR,413998,4,50,No,No,24,3,Bachelor's,5,18,42.49,1,1,1,1,1,0,0,0,0,1
E00149,Eshani Kara,23,0,Analytics Intern,Male,IT,404049,1,55,No,No,17,5,Bachelor's,5,18,30.57,0,0,1,0,1,1,0,1,0,1
E00150,Fateh Kothari,20,0,Analytics Intern,Male,IT,479326,4,40,Yes,No,37,1,Bachelor's,3,8,15.65,1,1,1,1,1,1,1,1,1,1
E00151,Onkar Chawla,24,1,Intern,Male,Sales,396709,1,50,Yes,No,27,1,Bachelor's,3,14,19.80,0,1,0,1,1,1,1,1,1,1
E00153,Ehsaan Chaudhary,20,0,Analytics Intern,Female,IT,329963,3,50,Yes,No,45,2,Bachelor's,3,12,44.79,1,0,1,1,1,0,0,1,0,1
E00154,Uthkarsh Golla,21,1,Intern,Female,Finance,450000,3,50,Yes,No,32,2,Bachelor's,3,13,26.26,1,1,1,1,1,1,1,1,1,1
E00155,Ehsaan Raju,50,6,Accountant,F,Finance,919988,3,45,No,No,15,2,Master's,3,10,5.14,0,0,0,1,0,0,1,1,1,1
E00156,Hunar Manda,49,5,Account Executive,Male,Sales,756881,5,55,No,Yes,20,3,PhD,5,8,30.10,1,1,0,1,0,1,0,1,1,1
E00157,Navya Sangha,50,5,Sales Representative,Female,Sales,781021,2,45,Yes,No,50,3,Master's,3,1,41.40,1,0,1,0,0,1,1,1,1,1
E00158,Elakshi Kota,24,1,Intern,Female,Sales,359266,4,45,No,No,37,5,Bachelor's,3,3,42.10,1,0,0,1,0,1,1,1,0,1
E00159,Charvi Krish,50,4,Accountant,M,Finance,934516,4,45,Yes,Yes,49,2,Master's,1,0,49.95,0,1,0,0,0,1,1,1,1,1
E00160,Hrishita Ramaswamy,22,0,Intern,Female,Sales,313911,1,55,No,No,40,5,Bachelor's,5,10,42.95,1,0,1,1,1,0,1,1,1,1
E00161,Aayush Garde,31,4,Marketing Associate,Female,Marketing,1014610,5,55,Yes,Yes,42,4,Master's,3,15,29.81,0,0,0,0,1,1,0,0,1,1
E00162,Samarth Badami,43,5,Sales Representative,Male,Sales,792192,3,45,No,No,15,2,Master's,4,20,42.72,1,0,0,1,0,0,0,1,0,0
E00163,Onkar Ramachandran,24,1,Intern,Female,HR,421028,2,40,Yes,No,34,2,Bachelor's,1,14,48.03,0,0,0,1,1,1,1,1,1,1
E00164,Vaibhav Manne,27,2,Recruiter,Female,HR,528160,4,50,No,No,29,5,Diploma,3,5,49.54,0,1,0,1,1,0,0,1,0,0
E00165,Saanvi Sastry,23,0,Intern,Male,HR,442579,1,45,Yes,No,17,1,Diploma,3,20,34.15,1,1,1,1,1,0,1,0,1,1
E00166,Chirag Sura,39,2,Sales Manager,Female,Sales,1736627,3,40,No,Yes,8,1,Diploma,4,7,30.26,1,1,1,1,1,1,0,0,1,1
E00167,Ela Vig,31,1,Analytics Team Leader,Female,IT,2131887,2,55,No,No,38,3,Master's,5,3,23.74,0,0,1,0,1,1,1,0,1,1
E00168,Chirag Chowdhury,40,4,Logistics Coordinator,Female,Operations,670703,5,55,No,Yes,44,1,PhD,5,2,23.23,0,0,0,1,0,1,1,1,0,1
E00169,Arnav Doctor,47,5,Marketing Associate,Female,Marketing,1080413,2,40,Yes,Yes,44,2,PhD,2,4,15.99,0,1,0,1,1,1,1,1,0,0
E00170,Tara Uppal,35,1,Sales Manager,Female,Sales,1428726,1,40,No,No,32,3,Bachelor's,3,8,8.70,1,0,0,1,1,0,1,0,1,1
E00172,Yasmin Borde,19,1,Intern,Female,HR,471200,5,50,No,No,50,4,Bachelor's,4,0,24.49,1,1,1,1,1,1,0,0,0,0
E00174,Eva Krishnamurthy,21,1,Intern,Male,Finance,450000,5,55,No,No,14,2,Diploma,4,16,10.92,1,0,0,0,1,1,0,0,0,0
E00176,Siya Kala,21,1,Intern,Male,Marketing,364134,4,45,Yes,No,44,5,Bachelor's,3,8,38.75,1,1,1,1,1,0,0,1,0,0
E00177,Riaan Loyal,48,5,Account Executive,Male,Sales,698654,3,55,Yes,Yes,37,1,Master's,3,17,16.26,1,0,0,0,0,1,0,1,1,0
E00178,Anya Uppal,28,5,Marketing Coordinator,Male,Marketing,1300553,2,55,No,Yes,37,3,Master's,3,18,35.42,1,1,1,1,1,1,1,1,1,1
E00179,Mahika Raj,50,6,Recruiter,Male,HR,510092,5,55,No,Yes,48,2,Diploma,3,19,37.55,1,1,1,1,1,1,1,0,0,1
E00180,Yasmin Anne,43,6,Sales Manager,Female,Sales,1537156,3,55,No,Yes,9,4,Diploma,5,20,39.44,1,0,0,0,0,0,0,1,0,0
E00181,Seher Chand,25,0,Intern,Male,Sales,328987,5,55,No,No,16,4,Bachelor's,3,9,46.45,1,1,1,0,1,1,1,1,0,1
E00182,Dishani Mane,29,1,Finance Manager,Female,Finance,864027,2,55,Yes,No,41,4,PhD,1,7,13.19,1,0,1,0,1,0,1,1,0,0
E00183,Shamik Bali,19,1,Intern,Male,HR,385855,1,40,Yes,No,15,4,Bachelor's,3,3,20.33,1,0,0,1,0,1,1,1,1,0
E00184,Prerak Tella,41,3,Marketing Associate,Male,Marketing,1469923,1,50,Yes,Yes,25,3,PhD,3,5,13.54,1,0,1,1,1,1,1,1,1,1
E00185,Trisha Jani,31,5,Financial Analyst,Male,Finance,674516,2,45,No,No,44,5,Master's,3,20,25.75,0,0,0,1,1,1,1,1,1,1
E00188,Nakul Dhar,21,0,Analytics Intern,Female,IT,423806,4,40,Yes,No,31,3,Diploma,2,0,16.18,0,0,1,1,0,0,1,0,1,1
E00189,Bhavin Badami,23,1,Intern,Female,HR,384162,2,55,Yes,No,28,3,Bachelor's,3,5,17.90,0,0,0,0,1,1,0,0,1,0
E00190,Zeeshan Bobal,21,1,Intern,Male,HR,397956,1,45,No,No,46,5,Diploma,4,3,34.71,1,1,1,0,0,1,1,0,1,1
E00191,Lavanya Sekhon,28,4,Financial Analyst,Female,Finance,662914,4,55,No,Yes,44,2,Diploma,4,19,19.30,0,1,0,1,0,1,1,1,1,1
E00192,Pari Sarkar,50,3,AccountExecutive,F,Sales,1151277,3,45,Yes,Yes,32,5,Bachelor's,1,2,36.48,0,1,1,0,1,0,1,1,0,0
E00194,Armaan Ramesh,50,1,Recruiter,Female,HR,586292,3,50,Yes,Yes,31,4,Bachelor's,2,20,15.40,1,0,0,0,0,1,1,1,1,1
E00195,Veer Karnik,49,2,Financial Analyst,Male,Finance,724017,5,40,No,Yes,23,3,Bachelor's,4,18,6.27,1,1,1,1,0,1,1,1,1,1
E00196,Divyansh Keer,25,1,Marketing Coordinator,Male,Marketing,1316521,3,55,Yes,No,18,3,PhD,3,17,36.62,0,1,0,0,0,1,1,1,1,1
E00197,Akarsh Babu,23,1,Intern,Male,Finance,400000,4,50,Yes,No,30,5,Bachelor's,2,9,26.42,1,0,1,1,0,0,1,1,0,1
E00198,Mohanlal Edwin,49,6,Marketing Associate,Male,Marketing,1154345,5,55,No,No,31,4,Diploma,5,16,33.84,0,1,0,1,1,1,1,1,1,1
E00200,Kartik Handa,23,0,Intern,Male,Marketing,472649,3,45,No,No,31,4,Diploma,5,12,29.48,1,0,1,1,0,1,1,1,1,1
E00201,Faiyaz Wadhwa,50,1,Finance Manager,F,Finance,1358519,4,50,No,Yes,37,1,Diploma,4,0,16.06,0,1,0,0,0,0,1,1,1,0
E00202,Manjari Sarma,23,1,Intern,Male,Marketing,421305,4,40,No,No,50,3,Bachelor's,4,4,8.95,1,0,0,1,0,1,1,1,1,0
E00203,Mannat Raval,21,1,Intern,Female,Sales,344624,2,55,No,No,19,4,Diploma,5,7,9.80,0,0,1,1,0,0,1,0,1,1
E00204,Nehmat Bhatia,38,4,Finance Manager,Female,Finance,913309,4,45,No,Yes,34,2,Diploma,3,18,43.09,1,1,0,1,1,1,1,0,1,1
E00205,Vedika Vala,24,0,Intern,Female,HR,397176,1,50,No,No,10,1,Bachelor's,3,6,32.96,0,1,1,0,1,1,0,0,1,0
E00206,Vidur Sura,30,5,Data Analyst,Male,IT,865068,5,45,Yes,No,5,5,PhD,3,15,9.63,1,1,1,1,1,1,1,0,1,1
E00207,Shanaya Viswanathan,34,5,SD 3,Male,IT,3037527,5,50,No,Yes,48,4,PhD,4,13,42.42,1,0,1,0,0,1,1,0,0,0
E00208,Ela Vasa,46,4,SD 3,Female,IT,3452993,4,40,Yes,Yes,48,2,Bachelor's,3,19,32.30,0,0,0,0,1,1,1,1,1,1
E00209,Armaan Srinivas,50,4,Marketing Associate,Male,Marketing,1367464,3,50,No,No,42,3,Master's,4,18,31.35,1,0,0,1,1,1,1,1,0,1
E00210,Ahana  Grewal,33,5,HR Manager,Female,HR,1573068,2,55,Yes,No,35,1,PhD,2,13,27.12,0,0,1,0,0,1,1,1,0,1
E00211,Amani Gokhale,50,6,Logistics Coordinator,Male,Operations,507817,5,45,No,No,38,1,Diploma,4,8,26.92,0,0,1,1,0,0,0,0,0,1
E00212,Azad Yohannan,50,4,Sales Representative,F,Sales,897556,3,40,No,Yes,7,3,Bachelor's,5,7,16.12,0,0,0,0,1,0,1,1,0,1
E00214,Elakshi Sama,50,5,AccountExecutive,F,Sales,925934,2,55,Yes,No,26,1,Master's,2,16,48.52,0,0,0,0,1,1,0,0,0,0
E00215,Manikya Batra,50,1,Finance Manager,F,Finance,904055,2,45,Yes,No,25,1,Bachelor's,1,0,42.17,0,1,1,1,1,1,1,1,1,1
E00216,Dishani Dua,34,4,Account Executive,Male,Sales,1147440,3,50,Yes,Yes,35,5,Bachelor's,2,20,15.79,0,0,1,1,1,1,1,1,1,1
E00217,Hunar Kala,24,1,Intern,Female,Sales,447595,2,45,No,No,45,2,Bachelor's,5,12,41.06,0,0,1,0,1,1,1,1,1,0
E00218,Dharmajan Ben,43,4,Logistics Coordinator,Male,Operations,846437,1,45,No,No,50,5,Master's,5,12,43.94,0,0,0,1,0,1,1,0,1,0
E00219,Chirag Bawa,42,3,SD 1,Female,IT,1875940,3,55,Yes,No,41,3,Master's,1,4,12.87,0,1,0,1,0,1,0,1,1,1
E00220,Urvi Brahmbhatt,19,1,Intern,Male,Marketing,450535,4,55,Yes,No,23,3,Diploma,1,20,5.95,1,0,1,0,1,0,1,0,1,1
E00221,Vritika Kapoor,20,1,Intern,Female,Marketing,455141,2,50,No,No,41,3,Bachelor's,3,10,39.07,1,1,1,0,0,1,1,1,1,1
E00222,Piya Joshi,46,5,Financial Analyst,F,Finance,642530,3,55,No,Yes,38,1,Master's,5,3,44.43,1,1,1,1,1,0,0,0,0,1
E00223,Charvi Venkatesh,40,5,Marketing Coordinator,Female,Marketing,1051591,3,45,Yes,No,9,5,Diploma,3,7,11.08,1,1,1,0,0,0,1,0,1,0
E00224,Saira Date,24,0,Intern,Female,Sales,362600,5,40,Yes,No,8,5,Bachelor's,1,2,34.83,1,0,1,1,1,1,0,1,0,0
E00225,Sumer Banik,28,4,Data Analyst,Female,IT,809167,2,55,No,No,9,3,Master's,5,6,45.30,1,1,1,1,1,0,0,0,1,0
E00226,Taimur Saraf,25,4,Account Executive,Male,Sales,705604,4,55,Yes,Yes,49,1,Bachelor's,2,11,16.13,1,1,0,0,1,0,0,0,1,0
E00228,Aayush Thakur,26,1,Analytics Intern,Female,IT,310941,1,50,No,No,16,1,Bachelor's,4,4,21.58,1,1,1,1,1,1,0,1,0,1
E00229,Tejas Banik,50,1,Marketing Coordinator,Male,Marketing,1466160,2,45,No,Yes,22,1,Diploma,4,20,40.02,0,0,0,1,0,1,1,1,1,1
E00230,Lakshay Agarwal,32,1,SD 2,Female,IT,2856069,4,50,Yes,Yes,20,5,Diploma,2,5,32.26,0,0,1,1,0,0,1,0,0,0
E00231,Nirvi Samra,50,4,Accountant,Male,Finance,996044,4,55,Yes,No,47,3,PhD,2,3,27.26,1,0,1,0,0,0,0,1,0,1
E00232,Siya Aggarwal,24,1,Intern,Female,Sales,356901,1,50,Yes,No,10,1,Diploma,1,2,28.00,0,0,1,1,0,1,1,1,1,1
E00233,Tushar Sant,50,5,Sales Manager,M,Sales,1703927,1,55,Yes,Yes,11,5,Bachelor's,3,15,27.54,1,0,1,0,0,1,1,1,1,1
E00234,Lavanya Dada,27,1,DataAnalyst,Male,IT,742506,5,45,Yes,Yes,41,3,Diploma,1,1,9.62,1,1,1,1,1,1,1,0,1,1
E00235,Kabir Karan,37,3,Marketing Manager,Female,Marketing,2946749,2,55,Yes,No,17,2,Master's,3,10,25.95,1,1,1,1,1,0,0,1,0,0
E00236,Anvi Gera,50,4,SD 2,Female,IT,2829391,5,45,No,No,7,3,Diploma,3,2,5.81,1,1,1,0,1,1,0,1,1,1
E00237,Hansh Atwal,49,3,HR Coordinator,F,HR,1304913,1,45,No,Yes,24,5,Master's,5,15,25.47,0,1,1,0,1,1,0,1,0,0
E00238,Taran Ganesh,28,4,DataAnalyst,Male,IT,819627,2,55,Yes,No,32,2,PhD,1,2,11.63,1,0,0,0,0,1,1,1,0,0
E00239,Riaan Divan,50,3,Logistics Coordinator,F,Operations,989889,3,55,No,No,21,5,Diploma,4,12,14.22,1,1,1,1,1,0,0,1,0,0
E00240,Kabir Rajagopalan,50,2,HR Manager,F,HR,1668378,4,40,No,Yes,10,1,Master's,4,17,10.97,1,0,0,0,0,0,1,0,0,1
E00241,Ehsaan Loke,46,1,Recruiter,M,HR,968493,5,55,Yes,No,37,4,Diploma,3,3,41.40,0,1,1,1,1,0,1,1,1,1
E00242,Indranil Guha,50,3,Accountant,Male,Finance,961486,5,45,No,No,43,5,PhD,5,7,38.99,1,1,1,1,1,0,1,0,1,1
E00243,Gokul Suri,20,0,Intern,Female,Finance,300000,1,50,Yes,No,7,3,Bachelor's,1,3,31.43,1,1,0,0,0,0,0,0,1,1
E00244,Saksham Kumar,33,5,Sales Manager,Male,Sales,1591415,2,55,No,Yes,6,4,Master's,4,11,5.82,0,0,1,1,1,1,0,0,0,1
E00245,Miraan Shroff,50,1,AccountExecutive,Female,Sales,1112746,2,40,Yes,Yes,13,4,Bachelor's,3,17,23.30,1,0,0,1,0,1,1,1,1,1
E00246,Riaan Grewal,27,4,DataAnalyst,Male,IT,1149244,5,50,No,Yes,47,4,Bachelor's,5,16,49.97,1,1,1,1,0,0,1,1,0,1
E00247,Nitara Bajaj,50,4,HR Manager,Male,HR,1567187,5,50,Yes,No,19,4,PhD,1,9,21.84,1,1,1,1,1,1,0,1,0,0
E00248,Kismat Anne,41,3,Recruiter,Male,HR,803236,5,45,No,No,10,1,Diploma,3,20,32.33,1,0,0,1,0,1,1,1,0,0
E00249,Dhanuk Sarna,22,1,Intern,Male,HR,470901,1,45,Yes,No,32,5,Bachelor's,1,13,32.41,0,1,1,1,0,1,0,1,1,1
E00250,Hansh Kade,27,6,Financial Analyst,Male,Finance,730578,4,45,No,No,13,1,Diploma,4,9,38.34,1,1,1,1,1,1,0,0,1,0
E00251,Ira Joshi,30,1,HR Coordinator,Male,HR,1429249,3,50,No,Yes,50,4,Bachelor's,5,8,7.58,0,1,0,1,0,1,1,1,1,0
E00252,Kiara Kakar,40,4,Financial Analyst,Male,Finance,688655,2,45,No,Yes,42,3,Diploma,5,4,39.35,1,0,0,0,1,1,1,1,1,1
E00253,Navya Goel,21,0,Intern,Female,HR,421142,5,45,Yes,No,43,1,Bachelor's,1,1,41.13,1,0,1,1,0,0,0,0,1,0
E00254,Nishith Kapadia,23,1,Intern,Female,Finance,300000,1,50,No,No,27,3,Bachelor's,5,13,16.20,1,1,1,1,1,0,1,1,1,0
E00255,Navya Lalla,31,3,Account Executive,Male,Sales,919021,4,45,Yes,Yes,9,1,Bachelor's,3,10,46.81,1,1,1,1,1,1,1,0,1,1
E00256,Uthkarsh Jayaraman,23,1,Intern,Female,Marketing,498525,1,45,Yes,No,18,4,Bachelor's,1,3,11.74,0,0,0,0,1,1,1,1,1,1
E00257,Zeeshan Seth,19,1,Intern,Female,Marketing,382407,1,40,No,No,19,3,Bachelor's,5,10,18.93,1,1,0,1,1,1,0,0,0,0
E00259,Ritvik Keer,50,1,HR Manager,Male,HR,2377848,5,45,Yes,No,41,4,Master's,2,10,49.78,0,0,1,0,1,0,0,1,0,1
E00260,Kabir Sunder,23,1,Intern,Male,Finance,300000,2,50,Yes,No,10,4,Bachelor's,1,12,28.12,0,1,0,1,1,0,0,0,0,1
E00261,Raghav Bhalla,23,0,Analytics Intern,Male,IT,487569,2,50,Yes,No,38,1,Diploma,1,6,6.14,1,1,0,0,1,0,1,0,0,1
E00262,Yashvi Sarna,20,1,Intern,Male,Marketing,365041,4,50,Yes,No,19,5,Diploma,3,2,20.46,1,0,0,0,0,1,0,1,1,1
E00263,Yakshit Chanda,34,2,Sales Manager,Female,Sales,1047274,2,45,No,No,37,5,Bachelor's,4,5,35.02,1,0,1,1,1,0,0,0,1,0
E00264,Adah Chahal,25,1,Content Creator,M,Marketing,441368,5,40,Yes,No,34,1,Diploma,1,11,7.65,1,1,1,1,1,1,1,1,1,1
E00265,Amani Garde,28,3,Marketing Coordinator,Female,Marketing,1323131,3,50,No,Yes,15,2,PhD,5,5,13.66,1,1,1,1,1,1,0,1,1,0
E00266,Sumer Kashyap,50,3,Sales Manager,M,Sales,1829694,5,50,Yes,Yes,34,4,Bachelor's,3,17,20.29,1,1,1,0,1,1,1,1,1,1
E00267,Anya Shroff,24,1,Intern,Male,HR,465066,5,40,No,No,43,4,Bachelor's,3,19,19.55,1,0,0,1,1,1,1,1,1,1
E00269,Miraya Kashyap,27,1,Financial Analyst,Female,Finance,621856,2,50,No,No,20,1,PhD,3,10,29.66,0,0,0,0,1,0,1,0,0,0
E00270,Madhav Dixit,43,5,AccountExecutive,F,Sales,817128,3,50,Yes,No,13,1,Diploma,3,2,17.21,0,1,0,0,0,1,1,1,1,1
E00272,Inaaya  Ramanathan,23,1,Intern,Male,Sales,468359,1,40,Yes,No,24,2,Diploma,2,16,11.55,1,1,1,0,1,1,0,1,1,1
E00273,Aarna Sastry,22,1,Intern,Female,Finance,400000,5,40,Yes,No,36,3,Bachelor's,1,17,28.45,1,0,1,1,1,1,1,1,1,1
E00274,Divij Sane,32,3,SD 1,Female,IT,1609486,3,40,Yes,No,37,2,Bachelor's,1,0,12.55,1,1,0,0,0,0,1,1,0,0
E00275,Tara D’Alia,27,5,Financial Analyst,Male,Finance,549313,3,50,No,No,47,4,PhD,3,12,31.00,0,0,0,0,1,1,0,0,1,1
E00276,Ranbir Raval,33,1,SD 1,Female,IT,2031888,5,55,Yes,Yes,50,3,Bachelor's,3,20,5.86,0,1,0,0,1,0,0,1,1,0
E00277,Fateh Deshmukh,24,1,Analytics Intern,Female,IT,494645,2,55,No,No,8,5,Diploma,3,20,32.45,1,0,0,0,1,1,0,1,1,1
E00278,Aarav Dave,44,1,Logistics Coordinator,M,Operations,954460,5,50,Yes,Yes,30,4,Diploma,2,4,46.68,1,0,1,1,1,0,1,0,1,1
E00280,Ahana  Behl,25,5,Recruiter,Female,HR,974958,1,40,Yes,No,32,3,PhD,2,3,43.51,1,1,0,1,0,1,1,1,0,1
E00281,Sumer Dhar,23,1,Intern,Male,HR,477134,5,55,No,No,34,1,Bachelor's,5,15,40.82,0,0,0,0,1,0,1,1,0,1
E00282,Kimaya Basak,50,3,Financial Analyst,Female,Finance,665956,4,55,No,Yes,42,3,Master's,4,6,9.64,1,1,1,1,1,1,0,0,0,0
E00283,Devansh Sule,27,6,Analyst,Female,IT,859619,3,40,No,No,13,2,Diploma,3,11,6.77,0,0,1,0,1,0,0,1,0,1
E00284,Ryan Loke,50,1,Logistics Coordinator,F,Operations,909781,1,50,No,No,29,4,Diploma,3,9,8.93,1,0,1,0,1,0,0,1,0,0
E00286,Tarini Bumb,29,2,Finance Manager,Male,Finance,860147,3,45,No,Yes,40,4,Bachelor's,4,15,6.40,0,1,0,1,0,1,0,0,1,0
E00287,Zeeshan Vasa,19,1,Intern,Male,HR,407637,3,40,Yes,No,5,4,Diploma,3,12,30.43,0,1,0,0,0,0,1,1,1,0
E00288,Raunak Lad,49,4,Financial Analyst,Female,Finance,645368,1,40,Yes,No,37,3,PhD,2,1,9.55,0,0,0,1,0,0,1,0,0,1
E00289,Kaira Lal,28,3,Analytics Team Leader,Female,IT,2677714,3,45,No,No,20,3,Diploma,5,0,39.71,0,1,1,1,1,1,1,1,1,1
E00290,Hazel Ben,20,0,Intern,Female,Marketing,456579,5,55,No,No,39,2,Bachelor's,5,12,17.62,1,1,1,0,1,0,1,0,1,1
E00291,Myra Magar,48,1,Finance Manager,M,Finance,1078785,2,50,No,Yes,42,1,Diploma,4,19,21.36,1,0,0,0,0,1,0,1,1,1
E00292,Seher Sood,24,1,Intern,Female,Sales,443413,3,40,No,No,28,3,Bachelor's,3,1,31.70,1,1,1,1,1,0,1,0,0,0
E00294,Jiya Ratti,20,1,Intern,Female,HR,445407,1,50,No,No,13,5,Bachelor's,3,8,12.10,0,1,0,0,0,0,1,0,0,1
E00295,Indranil Bhatia,22,1,Analytics Intern,Female,IT,445195,5,55,Yes,No,10,5,Diploma,2,16,33.49,0,1,0,1,1,1,1,1,0,0
E00296,Vaibhav Iyer,26,1,Analytics Intern,Female,IT,472244,4,40,Yes,No,38,1,Bachelor's,3,8,11.74,0,1,1,1,1,1,1,1,1,1
E00297,Hiran Mammen,22,1,Intern,Female,Finance,300000,1,40,Yes,No,11,2,Bachelor's,2,14,45.81,0,1,1,0,0,0,1,1,1,0
E00298,Sumer Raval,29,4,Sales Representative,Female,Sales,556033,4,45,No,Yes,19,4,Master's,3,9,17.10,0,1,0,1,1,0,1,1,1,1
E00299,Shanaya Johal,27,4,Marketing Coordinator,Male,Marketing,1399723,2,45,No,Yes,49,3,Diploma,5,3,40.70,1,1,1,1,1,1,1,1,0,0
E00300,Anvi Konda,21,1,Intern,Female,Finance,300000,4,50,No,No,50,2,Bachelor's,4,6,33.84,1,1,0,1,1,1,1,1,1,1
E00301,Bhamini Sachdev,21,0,Intern,Female,Sales,348006,5,55,Yes,No,15,1,Bachelor's,1,20,45.98,1,0,1,1,1,1,0,1,1,1
E00302,Ahana  Doctor,45,5,HR Coordinator,Male,HR,1425046,4,45,Yes,Yes,29,4,Master's,3,13,37.24,0,0,0,0,1,1,1,0,1,0
E00303,Shanaya Kota,50,1,Sales Manager,Female,Sales,1029286,3,40,Yes,No,28,5,Master's,2,3,27.08,0,0,0,0,1,0,1,0,0,0
E00304,Misha Chokshi,20,1,SE Interns,Male,IT,478723,1,40,No,No,18,3,Diploma,3,14,35.87,1,1,0,0,1,0,1,0,1,0
E00305,Sumer Keer,35,3,Recruiter,Female,HR,580109,2,40,Yes,No,9,5,Bachelor's,2,10,20.14,1,1,0,1,1,1,0,1,0,0
E00306,Aayush Vaidya,23,0,Intern,Male,Finance,300000,5,50,Yes,No,31,4,Bachelor's,2,5,12.83,1,1,0,1,1,0,1,0,0,0
E00307,Piya Verma,40,2,Marketing Coordinator,Male,Marketing,1357943,4,45,No,Yes,17,2,PhD,4,14,40.71,0,1,0,0,0,1,1,1,1,1
E00308,Piya Shanker,22,0,Intern,Female,Finance,400000,5,55,Yes,No,50,5,Bachelor's,2,8,13.58,1,1,0,1,1,0,0,0,0,1
E00309,Aarush Gole,31,3,Account Exec.,Female,Sales,758122,1,40,No,Yes,14,4,Bachelor's,5,2,40.13,1,0,1,1,1,1,0,1,1,1
E00310,Farhan Rao,21,1,Intern,Male,Finance,300000,1,55,Yes,No,50,3,Diploma,1,10,32.13,1,0,1,1,1,0,0,0,0,1
E00311,Purab Vohra,50,5,Finance Manager,Male,Finance,1096163,1,45,No,Yes,19,2,Bachelor's,5,15,8.22,1,0,1,0,1,0,0,0,1,0
E00312,Samiha Yohannan,38,4,Sales Representative,Female,Sales,909122,1,50,No,No,35,5,Bachelor's,4,16,7.84,0,1,1,1,0,0,0,1,1,0
E00313,Hridaan Sheth,21,0,Intern,Female,Sales,472681,2,40,Yes,No,44,3,Bachelor's,3,7,22.07,1,0,1,1,1,1,1,0,0,0
E00314,Kanav Ben,45,3,Financial Analyst,Female,Finance,551191,4,40,Yes,No,31,3,PhD,2,17,41.52,0,0,1,0,0,0,0,0,1,0
E00315,Amira Sehgal,35,5,CTO,F,IT,6000000,4,45,No,No,24,5,Master's,5,2,15.44,0,1,1,1,1,1,0,1,1,1
E00316,Veer Chad,40,2,Sales Manager,Male,Sales,1614721,5,50,No,No,27,3,PhD,4,8,27.19,0,1,1,1,1,1,1,1,1,1
E00317,Aaina Sabharwal,40,2,SD 1,F,IT,1725394,2,45,Yes,No,15,4,Diploma,1,6,23.17,0,0,0,1,1,0,0,1,0,1
E00318,Hunar Kapur,33,1,Marketing Associate,Female,Marketing,1254427,2,45,No,No,22,5,Diploma,3,2,27.11,1,0,1,0,0,1,1,1,1,0
E00319,Eshani Dugar,24,0,SE Interns,Female,IT,375136,5,45,No,No,24,5,Diploma,3,15,5.05,0,0,1,1,0,1,0,1,0,1
E00320,Lakshay Chander,29,5,SD 1,M,IT,1672423,1,55,Yes,No,49,5,PhD,1,0,32.37,0,1,1,0,0,1,1,1,1,1
E00321,Stuvan Subramanian,33,3,HR Manager,Female,HR,1521881,1,55,No,No,30,4,Master's,5,1,12.75,1,0,0,1,0,0,1,1,1,1
E00322,Aaryahi Swamy,33,3,HR Manager,Male,HR,1873251,1,45,No,Yes,28,1,Diploma,3,9,28.62,1,0,0,1,0,1,0,0,0,0
E00323,Vidur Sethi,36,4,Recruiter,Male,HR,995483,4,45,No,No,20,4,PhD,4,6,42.44,0,1,0,0,0,1,1,0,1,0
E00324,Yashvi Chaudhari,50,1,Account Exec.,Female,Sales,947455,4,40,No,No,20,2,Diploma,4,3,21.67,0,1,1,1,0,1,0,0,0,0
E00326,Vidur Badal,21,1,Intern,Female,Marketing,368031,2,55,No,No,17,2,Diploma,4,9,20.05,1,1,1,1,1,1,1,1,1,1
E00329,Mehul Ramaswamy,50,5,HR Manager,Male,HR,2375935,3,50,Yes,Yes,45,5,Diploma,1,17,18.71,0,0,1,0,1,1,1,1,1,1
E00332,Zain Karnik,48,1,Senior Analyst,Male,IT,1435406,2,45,No,Yes,23,2,Bachelor's,4,10,34.23,0,1,1,0,0,0,1,1,1,1
E00335,Onkar Sarraf,49,2,Marketing Associate,Female,Marketing,1089816,5,40,No,Yes,7,2,Diploma,3,0,8.80,1,1,1,1,1,1,1,1,1,1
E00336,Madhav Ganguly,44,5,Sales Representative,Male,Sales,801000,2,40,Yes,No,25,1,Diploma,3,15,26.69,0,1,1,0,0,1,1,1,1,1
E00338,Ishaan Gill,45,6,Recruiter,M,HR,724325,4,55,No,No,26,2,Bachelor's,3,19,8.08,1,1,1,1,1,1,1,1,0,0
E00339,Riaan Sagar,50,1,Accountant,Female,Finance,989159,4,40,Yes,No,47,3,Bachelor's,1,10,22.27,1,1,0,1,1,0,0,0,0,1
E00341,Pihu Choudhry,20,0,Intern,Male,Marketing,462962,1,40,Yes,No,48,2,Diploma,2,7,31.30,1,1,1,1,1,1,1,0,0,1
E00342,Ivana Choudhry,42,2,Recruiter,Male,HR,996065,2,50,No,Yes,7,1,Diploma,4,0,22.34,0,0,1,0,0,0,1,1,1,0
E00344,Mahika Wagle,40,2,Analytics Team Leader,Female,IT,2829484,4,40,No,No,17,5,Bachelor's,3,7,47.02,1,0,0,0,1,0,0,0,1,0
E00346,Heer Kari,28,1,Accountant,Male,Finance,904905,5,40,Yes,No,13,4,PhD,1,15,44.58,1,1,1,1,1,1,0,0,0,1
E00347,Onkar Atwal,29,3,Recruiter,Male,HR,806360,2,45,No,No,46,2,Master's,3,10,36.24,1,1,1,1,0,0,0,1,0,0
E00348,Kanav Gour,50,5,Marketing Associate,Male,Marketing,1419245,2,50,Yes,Yes,7,4,Master's,3,16,47.09,1,1,1,1,1,1,0,1,0,1
E00349,Lakshay Virk,33,2,Sales Manager,Male,Sales,1350019,1,40,Yes,Yes,50,4,Master's,3,18,47.80,1,1,1,0,1,1,1,1,1,0
E00351,Ojas Samra,37,2,HR Manager,Male,HR,2325063,1,55,Yes,Yes,40,3,PhD,3,20,22.99,1,1,1,0,0,1,1,1,1,1
E00352,Sahil Kuruvilla,43,2,Accountant,M,Finance,986295,3,55,Yes,No,18,4,PhD,2,10,15.87,1,0,1,1,1,0,0,0,1,0
E00353,Onkar Khosla,31,5,Finance Manager,Female,Finance,1279019,3,45,Yes,Yes,28,3,PhD,2,7,24.97,1,1,1,0,0,1,1,1,0,0
E00355,Ryan Majumdar,37,2,Marketing Manager,Male,Marketing,2519069,3,45,No,No,32,4,PhD,4,1,7.75,0,1,0,0,0,1,0,0,0,0
E00356,Aayush Karpe,35,5,Accountant,Male,Finance,808812,2,45,No,No,19,5,Master's,3,19,14.35,1,1,1,1,1,0,1,1,0,0
E00357,Samaira Kanda,24,0,Intern,Male,HR,350284,2,45,No,No,38,4,Bachelor's,5,10,12.67,1,1,1,1,1,1,1,1,1,1
E00358,Zoya Jhaveri,20,1,SE Interns,Female,IT,365858,5,45,Yes,No,13,5,Diploma,1,18,33.05,1,1,1,1,1,1,1,0,0,1
E00359,Amira Kannan,22,1,Intern,Female,Finance,400000,4,40,Yes,No,16,1,Bachelor's,3,19,29.26,0,0,0,1,0,1,1,1,1,1
E00360,Dharmajan Baria,30,4,SD 1,Female,IT,1793287,3,40,No,Yes,48,4,Bachelor's,5,1,45.67,0,1,0,1,1,1,1,0,1,0
E00361,Divyansh Thaker,19,1,Intern,Male,HR,302818,1,55,Yes,No,35,4,Bachelor's,2,20,12.47,0,0,1,0,0,1,1,1,1,0
E00362,Zain Wagle,49,1,Accountant,F,Finance,843331,4,55,Yes,No,38,3,PhD,1,0,42.32,0,0,0,0,1,1,1,0,0,0
E00364,Aaryahi Mammen,23,1,Intern,Female,Marketing,342058,5,55,Yes,No,14,1,Bachelor's,1,0,26.31,0,0,1,0,1,1,1,1,0,1
E00365,Arnav Chana,22,1,Intern,Male,Finance,400000,4,45,Yes,No,50,4,Bachelor's,2,15,30.09,0,0,1,1,0,1,1,1,0,0
E00366,Ayesha Choudhary,22,1,Intern,Female,HR,449244,2,45,No,No,6,3,Diploma,4,17,32.80,1,1,0,1,0,1,1,1,1,1
E00367,Ranbir Goda,22,0,Intern,Male,HR,367268,4,40,No,No,43,5,Bachelor's,4,17,29.00,1,0,0,1,1,1,0,0,1,1
E00368,Adira Bera,19,0,Intern,Female,Marketing,415808,2,50,No,No,7,4,Bachelor's,3,13,31.43,1,0,1,1,1,1,1,1,0,0
E00369,Manjari Madan,24,1,SE Interns,Female,IT,400709,4,45,Yes,No,30,5,Bachelor's,2,16,20.55,0,0,0,1,0,0,0,0,0,1
E00370,Riya Divan,20,1,Intern,Female,HR,356027,4,50,Yes,No,13,5,Diploma,3,16,40.48,0,1,1,0,0,0,0,1,0,1
E00371,Drishya Ramakrishnan,50,2,Analytics Team Leader,Female,IT,2258481,2,40,No,No,8,4,PhD,4,9,40.90,1,1,1,1,1,0,1,0,1,0
E00372,Heer Ravel,27,4,Marketing Coordinator,Male,Marketing,1067302,5,55,No,No,17,4,Master's,4,0,47.42,1,0,0,0,0,1,1,1,1,1
E00373,Purab D’Alia,25,3,Marketing Coordinator,Male,Marketing,1179026,4,55,Yes,Yes,48,3,Bachelor's,1,2,7.96,0,0,1,0,0,0,1,1,1,1
E00374,Fateh Rana,50,2,Senior Analyst,Female,IT,1990573,5,45,Yes,Yes,41,3,Diploma,2,17,46.41,0,1,0,1,1,1,1,1,1,1
E00375,Jayant Sha,21,0,Intern,Male,Marketing,302165,3,55,No,No,29,5,Bachelor's,5,2,47.52,1,1,1,1,1,1,1,1,1,0
E00376,Nishith Chopra,38,2,Accountant,Male,Finance,967691,1,50,No,Yes,18,2,Master's,3,19,40.98,0,1,1,0,1,0,1,1,1,1
E00377,Sara Sahni,50,4,Finance Manager,F,Finance,1117124,5,55,No,No,35,3,PhD,4,13,45.23,1,0,1,1,0,0,1,1,1,0
E00378,Seher Loyal,29,5,Senior Analyst,Male,IT,1833626,5,45,No,Yes,5,3,Master's,3,0,32.27,0,1,0,1,0,0,0,0,1,0
E00379,Badal Bhat,32,2,HR Coordinator,Male,HR,1174750,2,55,No,Yes,30,5,Master's,5,16,26.01,0,1,1,0,1,1,1,1,1,0
E00380,Neelofar Deshpande,48,3,Marketing Coordinator,Male,Marketing,1043017,2,45,No,Yes,38,4,Bachelor's,4,8,49.27,0,1,0,1,1,1,1,1,1,1
E00381,Sara Mandal,40,1,Finance Manager,Female,Finance,978038,5,45,No,Yes,39,2,Bachelor's,3,0,32.78,1,1,1,1,1,0,1,0,0,0
E00382,Manikya Sandal,30,5,Senior Analyst,Male,IT,1760446,4,55,Yes,No,12,5,Bachelor's,1,0,44.26,0,1,0,0,0,1,0,1,1,1
E00383,Madhup Shankar,35,3,Financial Analyst,Female,Finance,678538,4,50,No,No,21,2,PhD,4,7,35.89,0,0,0,1,1,0,0,1,0,1
E00385,Pari Gade,27,4,Marketing Coordinator,F,Marketing,1091626,5,50,No,No,8,1,PhD,4,10,17.17,1,1,1,1,1,0,0,0,0,1
E00386,Umang Ratti,29,4,DataAnalyst,Male,IT,815199,1,55,No,No,25,4,Bachelor's,4,0,42.97,0,0,1,1,1,0,0,0,1,0
E00387,Reyansh Manne,20,1,Intern,Male,Marketing,419825,5,45,No,No,35,2,Bachelor's,3,20,46.80,1,0,1,0,1,1,1,1,0,1
E00388,Hiran Tailor,50,5,Marketing Coordinator,Female,Marketing,1398740,1,45,No,No,8,3,Diploma,4,20,18.30,0,0,0,0,1,1,0,0,1,1
E00389,Ishita Krishnan,32,5,SD 1,Male,IT,1532588,2,55,Yes,Yes,36,1,Bachelor's,3,8,7.56,0,0,1,1,1,0,1,0,0,0
E00390,Tejas Master,29,1,Financial Analyst,Female,Finance,678489,2,40,No,Yes,13,2,Master's,4,15,18.96,0,1,1,1,1,0,0,0,0,1
E00391,Zoya Bhattacharyya,26,6,Marketing Coordinator,F,Marketing,1030066,3,45,No,No,49,3,Master's,3,19,21.83,0,0,0,1,1,0,0,0,0,1
E00392,Indrans Chakrabarti,50,6,Accountant,Male,Finance,885827,1,50,No,No,13,5,Master's,3,13,33.02,0,0,0,1,1,1,1,0,1,1
E00395,Jiya Sinha,23,1,Intern,Male,Finance,300000,2,50,No,No,27,1,Bachelor's,4,0,16.13,1,1,0,0,0,0,0,0,1,0
E00396,Miraan Sha,48,3,Sales Manager,Female,Sales,1212221,5,55,No,Yes,34,5,Bachelor's,3,15,48.41,1,1,0,0,1,1,1,1,1,1
E00397,Mehul Sidhu,50,5,HR Coordinator,Female,HR,1350449,5,45,No,No,25,5,Master's,4,8,17.03,0,1,0,0,0,1,1,1,1,1
E00398,Sumer Ramanathan,50,2,HR Manager,F,HR,2459274,5,55,Yes,No,47,2,Diploma,3,13,31.06,1,0,0,0,0,1,0,1,1,1
E00399,Mohanlal Krish,50,2,Marketing Coordinator,Male,Marketing,1193936,2,45,Yes,Yes,8,4,Bachelor's,1,16,7.86,0,0,0,1,0,1,1,1,1,1
E00401,Eshani Raju,23,1,Intern,Male,Marketing,305284,4,50,No,No,17,3,Bachelor's,4,15,36.87,0,1,0,0,0,0,0,1,0,0
E00402,Ayesha Kari,27,1,Finance Manager,Female,Finance,1176143,3,40,No,No,42,1,Bachelor's,5,12,16.95,1,1,1,1,1,0,1,1,1,1
E00403,Abram Choudhary,27,5,SD 2,Male,IT,2637683,1,50,No,Yes,47,5,Diploma,4,13,37.25,1,0,1,0,0,1,0,1,1,0
E00404,Nitara Wable,50,6,Financial Analyst,Female,Finance,605520,3,40,No,Yes,5,3,Master's,4,16,29.87,0,1,0,0,1,1,0,0,0,0
E00405,Zoya Shan,23,0,Intern,Female,Marketing,377988,2,55,Yes,No,10,1,Diploma,1,17,19.41,0,1,1,1,1,0,0,0,0,1
E00407,Pranay Biswas,24,1,Intern,Male,Sales,323896,5,40,No,No,22,3,Bachelor's,3,9,40.68,1,1,1,1,1,0,1,0,1,0
E00408,Renee Chandran,45,4,Accountant,Female,Finance,884611,2,40,No,Yes,18,1,Diploma,3,15,20.63,1,0,1,0,0,1,1,0,1,1
E00409,Vedika Dhingra,23,0,Intern,Male,HR,313443,4,40,Yes,No,12,2,Diploma,2,11,7.41,0,0,0,0,1,1,0,0,0,0
E00410,Biju Chawla,23,1,Intern,Female,Marketing,400251,5,55,No,No,26,1,Bachelor's,5,11,10.95,1,1,1,0,1,1,1,1,1,1
E00411,Saksham Seshadri,36,3,Senior Analyst,Female,IT,1414883,3,50,No,Yes,20,5,Bachelor's,3,19,38.97,1,0,1,1,1,1,0,0,1,1
E00412,Shlok Venkataraman,50,5,HR Manager,M,HR,2752022,4,55,Yes,Yes,26,4,PhD,2,5,16.61,0,0,1,0,1,1,1,1,1,1
E00413,Oorja Seshadri,34,6,SD 1,Female,IT,1657931,1,50,No,Yes,35,1,Master's,4,18,39.69,0,0,1,0,0,0,0,0,0,1
E00414,Pranay Gera,49,3,Finance Manager,Male,Finance,1045089,2,40,Yes,Yes,40,4,Master's,1,11,17.23,1,0,0,1,0,0,0,0,1,0
E00415,Ryan Anand,23,1,Intern,Female,Marketing,317424,5,55,No,No,30,5,Diploma,3,7,16.93,1,0,0,0,0,1,1,0,1,1
E00416,Kaira Madan,24,1,SE Interns,Female,IT,374365,3,40,No,No,40,3,Diploma,3,1,40.78,1,0,1,0,1,1,1,1,1,1
E00417,Sana Rau,48,1,HR Manager,F,HR,2332437,2,55,Yes,No,17,2,Bachelor's,2,3,22.12,1,1,1,1,1,1,0,1,1,0
E00418,Sumer Apte,49,1,Analytics Team Leader,Male,IT,2662476,3,50,No,No,19,2,Diploma,5,18,11.45,0,1,0,1,0,0,0,1,1,0
E00420,Nakul Bajaj,31,1,Sales Manager,Female,Sales,1050484,3,50,Yes,Yes,9,1,Bachelor's,2,11,49.79,1,0,0,0,0,1,0,1,1,1
E00421,Mamooty Sachdeva,42,4,Sales Representative,Female,Sales,795812,4,40,Yes,No,36,3,Diploma,1,4,34.40,1,1,1,1,0,1,1,0,1,1
E00422,Darshit Tara,35,1,Marketing Coordinator,Female,Marketing,1283904,3,40,Yes,Yes,36,5,Bachelor's,2,11,28.22,1,0,1,0,1,1,0,0,0,1
E00423,Shray Saini,20,1,Intern,Female,Marketing,392362,3,50,No,No,6,2,Bachelor's,3,17,34.87,1,0,1,1,1,0,0,1,1,0
E00424,Himmat Walla,46,2,Accountant,Male,Finance,951938,1,40,Yes,No,33,2,Diploma,1,17,7.38,0,1,0,0,1,1,0,0,0,0
E00425,Alia Kalla,50,5,Marketing Coordinator,M,Marketing,1190422,3,40,Yes,Yes,17,5,Diploma,3,9,13.87,0,0,0,1,0,1,1,0,1,1
E00426,Taimur Dugal,36,6,Financial Analyst,Male,Finance,609849,1,40,No,No,5,4,Bachelor's,5,12,23.34,0,1,0,0,0,0,1,0,0,1
E00427,Nehmat Gala,21,1,Intern,Female,HR,320752,3,40,No,No,17,2,Bachelor's,3,20,42.39,0,1,0,0,1,1,1,0,1,1
E00428,Vaibhav Agrawal,35,2,Sales Representative,Male,Sales,764144,3,45,No,Yes,19,4,Master's,3,14,6.41,0,1,0,1,0,0,1,1,1,0
E00429,Prerak Loke,24,0,SE Interns,Male,IT,351343,2,55,Yes,No,24,1,Bachelor's,2,14,15.06,1,1,0,0,1,1,1,1,1,1
E00430,Tara Bail,23,0,Intern,Male,Finance,300000,3,50,No,No,43,3,Bachelor's,4,15,40.21,1,1,1,0,1,1,1,1,1,1
E00431,Yuvraj  Hayer,31,2,SD 1,Female,IT,2089833,2,40,Yes,No,38,3,PhD,2,0,33.17,1,1,1,1,1,0,1,1,0,0
E00433,Misha Vig,33,5,HR Coordinator,Female,HR,1351011,2,45,No,Yes,10,1,Bachelor's,5,16,20.00,1,1,1,1,1,1,0,0,0,0
E00434,Dhanush Gala,41,6,Recruiter,M,HR,898020,2,40,No,Yes,36,4,Diploma,4,3,30.74,1,0,0,0,1,1,0,0,0,0
E00435,Jayesh Dasgupta,27,5,Data Analyst,Female,IT,737103,4,45,No,No,43,3,Master's,3,20,11.51,1,0,1,0,1,1,1,1,1,1
E00440,Rhea Borde,50,4,Recruiter,M,HR,762032,3,55,Yes,No,8,1,PhD,3,11,39.26,1,0,0,1,0,0,0,1,1,0
E00441,Ojas Garde,50,2,AccountExec.,M,Sales,1183498,4,45,Yes,Yes,9,5,Master's,1,9,36.08,0,1,0,0,1,1,1,1,1,1
E00442,Anay Rattan,50,3,Sales Manager,Female,Sales,1288737,1,40,No,Yes,11,1,Master's,3,10,5.29,0,1,1,0,0,1,1,1,0,1
E00443,Charvi Basu,43,2,Sales Representative,Male,Sales,989323,5,55,Yes,Yes,36,2,Diploma,2,13,33.38,1,0,0,1,1,1,1,1,1,1
E00444,Riaan Sampath,20,0,SE Interns,Female,IT,359969,1,40,Yes,No,43,5,Bachelor's,1,1,14.13,0,0,0,0,1,0,1,0,0,0
E00445,Amira Dalal,23,0,Intern,Male,Marketing,443994,5,45,No,No,11,1,Bachelor's,4,1,9.69,1,0,1,1,1,0,1,1,0,0
E00446,Ishaan Shah,26,1,SE Interns,Female,IT,337523,4,45,No,No,9,2,Bachelor's,4,9,37.66,0,0,0,0,1,1,0,1,0,1
E00447,Shayak Deshmukh,21,1,Intern,Male,Finance,450000,1,55,Yes,No,18,1,Diploma,1,4,32.60,1,1,1,1,1,1,1,0,1,1
E00449,Eva Yohannan,49,1,Accountant,M,Finance,999294,2,40,Yes,Yes,25,5,Bachelor's,1,15,30.53,0,0,0,1,0,0,1,1,0,1
E00450,Ira Keer,36,5,HR Coordinator,Female,HR,1307475,5,45,Yes,Yes,22,4,Bachelor's,3,10,5.51,0,1,0,1,1,0,0,1,0,1
E00451,Trisha Lata,27,4,Analyst,M,IT,805472,3,45,No,Yes,8,4,Master's,3,6,9.76,1,1,1,0,1,1,1,1,1,1
E00452,Piya Bahl,36,1,Financial Analyst,Female,Finance,689819,1,40,Yes,Yes,43,3,Bachelor's,3,19,45.16,1,1,1,1,1,0,1,1,0,0
E00453,Vivaan Sen,34,3,HR Coordinator,Male,HR,1394924,1,45,Yes,No,45,1,Diploma,3,7,40.73,1,1,0,1,1,1,1,1,1,1
E00454,Yuvaan Ghose,19,1,Intern,Male,HR,347778,5,55,Yes,No,37,1,Diploma,3,18,8.74,1,0,0,0,0,1,1,1,1,1
E00455,Baiju Anne,50,2,Senior Analyst,Female,IT,1685012,4,55,No,Yes,42,2,PhD,3,18,15.51,1,1,1,0,1,0,0,1,0,1
E00456,Seher Badal,28,3,Marketing Coordinator,Female,Marketing,1159352,5,55,Yes,No,48,3,Master's,3,1,24.91,0,1,0,1,0,1,1,1,1,0
E00458,Piya Singh,42,6,Sales Representative,Male,Sales,668528,2,45,No,Yes,38,2,Bachelor's,5,17,27.84,0,1,1,1,1,0,1,1,1,0
E00460,Veer Tiwari,21,1,Intern,Male,Sales,464991,1,55,Yes,No,48,5,Bachelor's,3,17,42.92,1,1,1,1,1,1,1,1,1,1
E00462,Zara Dara,50,4,Sales Manager,M,Sales,1031206,3,55,Yes,No,46,4,Master's,2,17,27.50,1,1,1,1,1,1,0,1,0,0
E00463,Ishaan Vig,22,1,Intern,Female,Finance,450000,2,45,Yes,No,11,5,Diploma,1,4,44.85,0,1,1,1,1,0,0,1,0,0
E00464,Shalv Vaidya,38,5,Sales Representative,Male,Sales,862816,4,40,Yes,Yes,47,5,Diploma,1,20,43.84,0,1,1,0,1,0,1,0,0,0
E00466,Jivika Brahmbhatt,21,1,Intern,Female,Finance,450000,2,55,Yes,No,21,1,Diploma,1,17,32.97,1,0,0,1,0,0,0,1,0,1
E00467,Taran Dhingra,23,1,Intern,Female,Finance,300000,5,55,No,No,6,4,Bachelor's,4,14,26.55,1,0,0,0,0,0,0,1,0,0
E00468,Samarth Kota,27,4,Analyst,Female,IT,1191371,5,55,No,No,22,5,Master's,5,13,47.85,1,1,1,1,1,1,1,0,1,1
E00470,Aarav Subramaniam,22,0,Intern,Male,Finance,450000,1,50,No,No,47,2,Diploma,5,17,37.66,0,0,1,1,0,1,0,0,0,0
E00471,Jiya Bains,50,5,Sales Manager,Male,Sales,1174249,4,45,No,No,7,5,Bachelor's,4,16,8.71,0,0,0,0,1,0,0,0,0,1
E00472,Gokul Garde,22,1,Intern,Female,Finance,450000,2,40,No,No,30,3,Diploma,3,6,17.15,0,1,1,0,1,1,1,0,0,0
E00473,Saira Khatri,27,1,Marketing Coordinator,Female,Marketing,1406220,3,50,Yes,Yes,27,3,PhD,3,4,20.40,1,0,0,0,1,1,0,1,1,1
E00474,Siya Ramesh,21,1,Intern,Female,Sales,428856,4,45,No,No,5,5,Bachelor's,5,12,8.95,1,1,1,0,1,0,0,1,1,1
E00475,Darshit Maharaj,21,0,Intern,Female,Sales,380561,3,50,Yes,No,35,4,Bachelor's,1,19,46.41,1,1,0,1,1,1,0,1,1,1
E00476,Ranbir Thakur,27,4,Sales Representative,Female,Sales,953067,3,50,No,Yes,41,4,Master's,5,13,45.91,1,1,0,1,1,1,1,1,0,1
E00478,Nirvi Reddy,27,6,Data Analyst,Female,IT,1167581,2,55,No,Yes,16,5,Diploma,4,7,33.62,1,0,0,1,1,1,1,1,1,1
E00479,Kavya Bhakta,35,3,Sales Representative,Male,Sales,847469,4,50,Yes,Yes,20,1,PhD,3,13,40.81,0,0,0,1,0,1,0,0,1,0
E00480,Tanya Kalla,25,1,Financial Analyst,Male,Finance,579362,3,50,Yes,No,16,4,PhD,2,0,39.88,1,0,0,0,1,1,1,0,0,0
E00481,Sahil Dhar,19,1,Intern,Male,HR,399447,5,55,No,No,37,1,Diploma,5,16,7.05,0,1,1,1,1,1,1,1,1,1
E00483,Pranay Luthra,20,1,Intern,Male,Marketing,491484,1,50,No,No,44,3,Diploma,5,7,13.09,1,1,1,1,1,1,1,0,1,1
E00484,Shlok Chandran,36,1,Finance Manager,Female,Finance,1080007,4,45,No,Yes,15,5,Master's,3,10,48.04,0,0,0,1,0,0,1,1,1,1
E00485,Vritika Bobal,39,5,Finance Manager,Female,Finance,1490960,4,40,Yes,No,22,1,PhD,2,15,27.78,1,0,0,0,0,1,0,0,0,0
E00486,Suhana Kumer,42,4,Accountant,Male,Finance,925737,4,50,Yes,No,48,1,Master's,3,3,14.93,1,1,0,0,1,1,0,0,1,0
E00487,Vardaniya Sahota,27,4,Marketing Coordinator,Female,Marketing,1212487,3,50,Yes,No,33,3,Bachelor's,2,17,28.57,1,1,1,1,1,0,0,0,0,1
E00488,Taran Kata,40,3,Senior Analyst,M,IT,1715946,5,45,Yes,No,34,2,PhD,1,19,28.98,1,1,1,1,0,1,1,1,1,0
E00489,Jhanvi Jha,34,1,Analytics Team Leader,Male,IT,2397936,3,40,No,No,13,1,Bachelor's,3,16,13.94,0,1,1,1,0,1,1,1,1,1
E00490,Advik Golla,40,4,Marketing Associate,Female,Marketing,1120679,4,45,No,No,18,2,PhD,5,5,14.26,1,0,1,1,1,1,0,1,0,0
E00491,Pihu Chatterjee,50,2,Marketing Associate,M,Marketing,1088265,2,55,Yes,Yes,22,3,Bachelor's,3,17,48.27,1,1,1,1,1,1,1,1,1,1
E00492,Mishti Sarma,22,1,Intern,Male,Finance,400000,3,45,Yes,No,16,5,Bachelor's,3,8,49.36,0,0,0,1,0,0,0,0,1,0
E00493,Advik Setty,39,2,Marketing Associate,Female,Marketing,1059772,1,50,No,Yes,49,1,Bachelor's,5,20,11.46,1,1,1,1,1,0,1,1,1,1
E00494,Kaira Walla,23,0,Intern,Female,Marketing,342324,4,45,No,No,12,3,Diploma,4,15,11.97,1,1,0,1,0,0,1,1,0,1
E00495,Raghav Chanda,28,6,Marketing Coordinator,Male,Marketing,1158654,1,55,No,No,47,5,Bachelor's,3,15,27.54,0,1,1,1,1,1,1,1,1,1
E00496,Dhanuk Mangat,19,1,Intern,Male,Marketing,386751,4,55,Yes,No,19,2,Bachelor's,3,10,14.47,1,1,1,1,1,1,0,0,1,1
E00497,Miraan Sharaf,35,4,Senior Analyst,Male,IT,1542628,5,45,No,No,13,5,Master's,5,9,28.73,1,1,1,0,1,1,0,0,0,1
E00498,Diya Wason,19,0,Intern,Female,HR,475906,2,50,Yes,No,10,2,Bachelor's,2,13,28.58,0,0,1,1,0,1,1,0,1,0
E00499,Kanav Butala,22,0,SE Interns,Female,IT,349687,1,50,Yes,No,22,3,Diploma,2,11,18.42,0,0,0,1,0,1,0,1,1,0
E00500,Chirag Kala,46,1,Marketing Associate,F,Marketing,1221315,1,55,No,No,33,1,PhD,5,4,16.03,0,0,1,1,0,0,0,0,0,1
E00502,Tanya Soman,22,1,Intern,Male,Finance,300000,2,55,No,No,27,1,Diploma,3,20,49.99,1,1,1,1,0,1,1,1,1,1
E00503,Manjari Gade,36,4,Data Engineer,Female,IT,1439360,3,55,No,Yes,46,1,Master's,5,14,20.71,1,1,1,1,1,1,1,1,0,1
E00504,Ryan Aurora,50,2,Marketing Coordinator,M,Marketing,1113477,1,40,Yes,Yes,5,3,Master's,3,10,9.52,0,0,0,0,1,0,1,0,0,0
E00505,Aayush Singh,24,1,Intern,Male,Sales,320807,4,45,Yes,No,14,4,Bachelor's,2,10,9.57,1,0,0,1,1,1,0,1,0,0
E00506,Krish Singh,37,1,Marketing Associate,Female,Marketing,1408983,5,40,Yes,Yes,17,4,PhD,2,3,29.39,1,1,1,0,0,1,0,1,0,1
E00508,Rasha Wable,42,6,HR Coordinator,Female,HR,1298012,5,50,No,Yes,49,4,Diploma,5,4,33.47,0,1,1,0,0,1,0,1,0,1
E00509,Keya Kaul,19,1,Intern,Male,Marketing,336671,1,40,No,No,20,3,Bachelor's,3,4,32.35,1,1,1,1,1,1,1,1,1,1
E00510,Jiya Bhatnagar,20,1,Intern,Male,Marketing,464242,5,55,Yes,No,7,3,Bachelor's,2,9,36.74,1,0,1,0,0,0,1,0,1,0
E00511,Shaan Tara,50,4,Finance Manager,Male,Finance,916771,1,55,No,Yes,6,1,Diploma,4,19,28.38,1,0,1,1,1,1,1,1,1,1
E00512,Vivaan Khalsa,25,1,Intern,Male,Sales,365292,4,45,No,No,21,2,Bachelor's,5,9,43.40,1,0,1,1,0,1,1,1,0,1
E00513,Arnav Baria,50,3,SD 2,F,IT,2722639,4,40,Yes,Yes,16,4,Diploma,1,12,15.41,1,1,1,1,1,1,0,0,0,0
E00514,Taran Agate,42,2,Finance Manager,Male,Finance,1217331,5,45,No,Yes,41,1,Bachelor's,5,5,9.38,0,1,1,1,1,0,0,0,1,1
E00516,Oorja Madan,30,2,Recruiter,Female,HR,593243,2,55,No,Yes,33,3,Bachelor's,3,6,35.93,1,0,1,1,0,1,0,0,0,0
E00518,Saksham Hegde,50,2,Marketing Associate,Female,Marketing,1089069,2,50,Yes,No,27,4,PhD,3,10,23.50,0,1,0,1,0,0,1,1,1,1
E00520,Yuvraj  Sampath,50,5,Data Engineer,Male,IT,1757693,1,55,No,Yes,11,1,Bachelor's,3,19,42.93,0,1,1,0,1,1,1,0,0,1
E00521,Kimaya Borah,24,1,Intern,Female,Sales,305722,5,40,No,No,45,4,Diploma,3,1,6.04,0,1,1,0,1,1,1,1,1,1
E00524,Tara Walia,19,1,Intern,Female,Marketing,474377,4,40,No,No,12,1,Bachelor's,5,3,27.91,0,1,0,0,0,1,1,1,1,1
E00526,Ivana Sant,30,5,Senior Analyst,Male,IT,1843946,4,40,No,Yes,30,4,Diploma,5,0,32.10,0,1,0,0,1,0,1,1,1,1
E00527,Jivin Gera,25,1,Accountant,Male,Finance,978560,5,45,Yes,Yes,26,4,PhD,3,12,21.66,1,0,1,1,1,1,1,1,1,1
E00529,Prerak Chaudhuri,19,1,Intern,Female,Marketing,481265,4,45,No,No,27,3,Diploma,5,13,41.06,1,1,1,1,1,1,1,1,1,0
E00530,Shaan Sarma,36,2,Sales Representative,Female,Sales,937695,2,50,Yes,No,25,5,Master's,1,7,18.47,1,0,1,1,1,1,0,1,0,1
E00531,Vardaniya Dayal,32,2,Marketing Associate,Male,Marketing,1413237,5,55,Yes,Yes,17,5,Bachelor's,3,14,30.56,1,1,1,1,1,0,1,1,0,0
E00532,Indrans Shukla,50,4,Marketing Coordinator,F,Marketing,1394872,5,45,Yes,No,38,1,Master's,2,16,41.07,1,1,1,1,1,0,0,1,0,0
E00534,Mohanlal Master,23,0,Intern,Female,Finance,300000,3,55,Yes,No,47,2,Bachelor's,1,0,7.32,0,1,0,0,0,1,0,0,1,0
E00536,Tanya Dugar,34,5,Sales Representative,Male,Sales,936922,1,40,Yes,Yes,36,1,Master's,1,5,11.00,1,0,0,1,1,1,0,1,1,1
E00537,Kartik Sabharwal,23,1,Intern,Male,HR,436699,3,50,Yes,No,17,2,Bachelor's,2,14,18.83,1,1,1,0,1,1,1,1,0,0
E00538,Manjari Dar,23,0,Intern,Female,Marketing,358460,2,45,No,No,8,1,Bachelor's,5,11,7.36,1,1,1,0,1,0,0,1,0,0
E00539,Elakshi Buch,26,6,Marketing Coordinator,Male,Marketing,1317261,1,45,No,Yes,7,5,Bachelor's,3,16,10.39,1,1,1,1,1,0,1,0,1,1
E00540,Neysa Bir,37,6,HR Manager,Male,HR,2441200,5,45,No,Yes,22,2,Bachelor's,4,16,15.46,0,0,1,1,0,1,1,1,1,0
E00541,Trisha Mall,50,2,Accountant,M,Finance,815679,3,45,No,Yes,27,4,PhD,5,9,30.38,1,1,0,0,1,0,1,0,0,0
E00542,Inaaya  Barman,24,1,Intern,Male,Sales,330729,5,40,Yes,No,15,4,Bachelor's,2,14,7.59,0,0,0,1,0,1,0,0,0,0
E00543,Aarav Talwar,44,5,Finance Manager,F,Finance,1175275,2,40,Yes,Yes,44,2,PhD,2,8,43.37,0,1,1,1,1,1,1,0,0,1
E00544,Ehsaan Kala,32,5,Senior Analyst,Male,IT,1679754,1,55,No,Yes,42,3,Bachelor's,3,13,8.01,0,0,1,0,0,1,1,1,1,1
E00545,Jiya Kara,23,0,Intern,Male,Marketing,376695,5,50,No,No,35,5,Bachelor's,4,19,10.40,0,0,1,0,0,1,1,1,1,1
E00547,Myra Bhargava,35,1,Marketing Manager,Female,Marketing,2887619,4,40,No,No,29,1,Master's,4,2,7.50,0,1,1,0,0,1,0,0,1,0
E00548,Samar Apte,23,1,Intern,Female,HR,379674,5,55,No,No,20,1,Diploma,4,10,23.78,1,0,1,0,0,0,0,1,1,0
E00549,Sana Bhatnagar,41,2,SD 1,Male,IT,2038869,5,55,Yes,Yes,6,4,Bachelor's,3,15,17.35,0,1,1,1,0,1,0,1,1,1
E00551,Azad Jhaveri,21,0,Intern,Female,HR,456500,3,40,No,No,40,1,Diploma,5,13,24.63,1,0,0,0,0,0,1,0,0,0
E00552,Rasha Dugal,36,3,Marketing Coordinator,Female,Marketing,1315996,3,45,Yes,No,22,2,PhD,1,15,43.23,1,1,1,1,1,0,0,0,0,1
E00556,Sumer Ramakrishnan,35,5,Data Engineer,Male,IT,1683748,1,40,Yes,No,44,2,PhD,1,3,22.38,1,1,1,0,0,1,1,1,1,0
E00559,Amani Suresh,33,5,Marketing Coordinator,Male,Marketing,1303417,5,55,Yes,No,6,1,Diploma,1,3,14.67,0,0,0,0,1,1,0,1,1,1
E00560,Kanav Hari,43,5,Sales Representative,Female,Sales,615428,3,45,No,Yes,27,2,PhD,5,4,11.37,0,1,0,0,1,1,0,0,0,0
E00561,Taimur Bava,20,1,SE Interns,Female,IT,366735,2,50,No,No,11,2,Diploma,4,3,42.62,1,1,1,1,1,0,1,1,1,1
E00562,Anay Gill,48,3,HR Coordinator,Male,HR,1077209,5,55,Yes,No,41,5,Diploma,1,1,42.72,1,1,1,1,0,1,1,0,0,1
E00563,Jayesh Jaggi,50,5,Data Engineer,F,IT,1661879,3,40,No,Yes,28,1,PhD,4,7,24.42,1,1,1,1,1,1,1,0,0,0
E00564,Samarth Kari,50,5,Senior Analyst,M,IT,1945074,3,55,No,Yes,48,2,Master's,3,3,26.85,1,0,0,0,0,0,1,1,1,1
E00565,Anika Baria,25,4,Financial Analyst,Female,Finance,588910,1,55,Yes,Yes,26,1,Bachelor's,3,3,43.77,1,1,1,1,1,0,0,0,1,0
E00566,Heer Venkataraman,29,5,Finance Manager,Male,Finance,1130202,4,55,No,Yes,38,2,Diploma,3,2,27.21,1,1,0,1,1,1,1,1,1,1
E00567,Vritika Srinivasan,46,2,Data Engineer,Female,IT,1788382,2,45,No,No,50,5,Bachelor's,5,4,27.52,0,1,0,1,0,1,1,1,0,0
E00568,Aniruddh Sabharwal,21,0,Intern,Male,Marketing,337927,1,45,No,No,25,1,Diploma,3,2,33.78,0,0,0,0,1,1,0,1,1,1
E00569,Dhanush Ganesan,50,5,SD 1,Male,IT,1558170,1,40,Yes,Yes,50,2,Diploma,3,6,42.56,0,1,0,1,1,1,1,0,1,1
E00570,Divyansh Keer,27,6,Financial Analyst,Male,Finance,793565,4,40,No,Yes,43,4,PhD,3,17,44.31,0,1,0,1,0,1,0,0,1,0
E00571,Indrans Kuruvilla,24,1,Intern,Female,HR,450792,3,45,No,No,19,5,Diploma,5,9,41.87,1,1,1,1,1,0,0,1,1,0
E00572,Armaan Acharya,21,1,Intern,Male,Sales,387781,3,55,No,No,37,4,Bachelor's,3,19,43.24,0,1,1,1,1,0,1,1,0,1
E00573,Shayak Brar,22,1,Intern,Male,Marketing,301114,3,50,No,No,20,5,Bachelor's,4,18,10.75,0,0,0,1,0,1,0,0,0,0
E00574,Ishaan Chahal,50,6,HR Manager,Female,HR,2280163,4,50,No,Yes,21,1,Diploma,3,15,28.27,1,1,1,1,1,0,1,0,1,1
E00575,Navya Sangha,37,3,Sales Manager,Male,Sales,1766448,1,45,No,No,6,4,Bachelor's,4,18,42.16,0,1,1,0,0,1,1,1,0,1
E00576,Misha Gala,50,2,Finance Manager,Male,Finance,1347954,3,40,Yes,No,37,5,Master's,1,5,29.61,1,0,1,1,1,1,0,1,0,0
E00578,Azad Chowdhury,31,3,Account Executive,Male,Sales,1102523,2,50,No,No,25,3,Diploma,4,18,21.33,1,1,1,1,1,1,1,1,1,1
E00579,Myra Dhaliwal,50,4,Finance Manager,Female,Finance,1282237,3,40,Yes,No,50,1,Bachelor's,3,8,23.88,1,1,1,1,1,1,1,1,1,1
E00580,Jayan Dani,25,5,Marketing Coordinator,Male,Marketing,1013019,3,45,Yes,No,38,4,Master's,1,5,48.92,0,0,1,0,0,1,0,0,1,1
E00582,Anahi Gopal,23,0,Intern,Female,HR,450408,4,55,No,No,44,4,Bachelor's,5,0,49.88,0,0,0,0,1,0,0,0,1,1
E00583,Veer Mandal,19,0,Intern,Male,Marketing,300834,2,40,Yes,No,21,2,Bachelor's,3,10,19.34,0,1,1,1,1,0,0,0,1,0
E00584,Ishaan Manne,40,4,HR Coordinator,Female,HR,1317643,1,55,Yes,Yes,27,1,Diploma,3,18,33.62,1,0,0,1,0,0,0,0,1,1
E00585,Piya Hayer,50,4,SD 2,Female,IT,2672304,4,50,Yes,Yes,20,2,Master's,3,6,11.65,0,1,0,0,0,0,0,0,0,1
E00587,Samarth Kumer,32,5,Finance Manager,Male,Finance,1056659,5,55,Yes,Yes,27,1,Bachelor's,1,11,19.43,1,0,1,0,1,0,0,1,1,1
E00588,Armaan Bajwa,27,4,Marketing Coordinator,Female,Marketing,1154674,3,45,Yes,No,39,3,Bachelor's,3,2,45.06,1,1,1,1,0,0,0,1,1,1
E00589,Kaira Ramesh,20,1,Intern,Female,Marketing,446241,4,40,Yes,No,29,4,Bachelor's,2,15,48.09,0,0,0,0,1,0,0,1,1,0
E00591,Vedika Arya,50,3,Sales Representative,Female,Sales,966799,1,45,Yes,No,26,4,Diploma,3,11,11.00,1,1,1,1,0,0,1,1,0,0
E00592,Adira Mander,50,4,SD 2,M,IT,2962124,5,55,Yes,Yes,47,2,Master's,3,1,30.63,1,1,1,1,1,1,0,1,1,1
E00593,Riya Dasgupta,33,4,HR Manager,Male,HR,2465815,1,45,Yes,No,32,4,Diploma,2,16,30.31,0,0,0,1,1,0,1,1,0,1
E00594,Tejas Kumer,50,2,Head Data Analytics,F,IT,4005606,3,50,No,Yes,30,5,Diploma,3,6,35.86,1,1,1,1,1,0,1,0,0,0
E00595,Hazel Iyengar,38,1,HR Manager,Female,HR,2245825,1,40,Yes,No,23,5,Bachelor's,1,2,7.69,0,0,0,1,0,1,1,1,1,1
E00596,Hansh Jani,50,2,Accountant,Female,Finance,864017,4,40,Yes,No,19,4,Bachelor's,3,6,39.02,1,1,1,1,1,0,0,0,0,1
E00597,Divit Kale,29,2,Sales Representative,Male,Sales,980104,2,45,No,No,46,3,PhD,4,15,13.20,1,1,1,1,1,0,0,0,0,1
E00598,Nirvaan Keer,44,3,Senior Analyst,Male,IT,1315973,1,40,No,No,39,2,Diploma,4,5,42.75,0,1,0,1,1,0,1,0,1,0
E00599,Mamooty Hora,23,0,Intern,Male,HR,419558,2,50,Yes,No,49,4,Bachelor's,3,3,36.40,1,1,1,1,0,1,1,1,0,1
E00602,Raghav Wali,35,1,HR Manager,Male,HR,2225022,3,50,Yes,No,10,5,PhD,2,0,5.39,0,1,0,0,0,1,0,1,0,1
E00603,Hrishita Apte,50,5,Finance Manager,F,Finance,1242534,2,50,Yes,Yes,26,1,PhD,3,0,17.53,1,1,1,1,1,1,1,1,0,0
E00604,Miraan Devi,20,1,Intern,Male,Marketing,359341,3,50,Yes,No,34,4,Bachelor's,3,3,36.50,0,1,1,1,1,0,1,0,0,0
E00607,Hridaan Saxena,37,5,Financial Analyst,Male,Finance,760863,1,40,Yes,Yes,36,1,Diploma,1,12,22.16,1,0,1,1,0,0,0,1,0,0
E00608,Anay Sodhi,22,1,Intern,Female,Finance,450000,2,55,Yes,No,39,5,Diploma,1,0,44.52,1,1,1,1,1,1,1,1,1,1
E00609,Sana Virk,21,1,Intern,Female,Marketing,465488,4,40,Yes,No,10,4,Diploma,3,4,8.59,0,1,1,1,0,1,0,1,1,0
E00611,Lavanya Kashyap,21,1,Intern,Male,Sales,431878,3,45,No,No,18,4,Bachelor's,5,9,26.06,0,1,1,1,1,1,1,0,0,0
E00612,Jayan Garde,29,2,Data Analyst,Female,IT,1052477,1,45,No,Yes,15,5,Diploma,5,7,43.36,1,0,0,0,1,0,0,0,1,1
E00613,Zain Buch,40,2,Finance Manager,Female,Finance,1073901,1,50,Yes,No,12,4,Diploma,3,1,12.54,0,1,0,0,0,0,1,1,1,1
E00614,Tarini Krishnamurthy,42,5,Recruiter,Male,HR,565673,4,55,No,Yes,22,4,Master's,5,3,15.84,1,0,0,0,1,0,0,1,1,1
E00615,Tushar Gera,23,1,Intern,Female,Finance,300000,3,45,No,No,25,3,Diploma,5,10,26.66,1,0,1,1,1,1,0,0,0,0
E00616,Mishti Gola,49,4,Finance Manager,Male,Finance,1352427,4,50,Yes,Yes,40,4,PhD,3,7,41.53,0,1,0,0,0,1,1,1,0,0
E00617,Mohanlal Lad,24,0,Intern,Female,HR,484705,2,50,No,No,6,5,Bachelor's,4,6,35.22,0,1,0,1,0,0,1,1,1,1
E00618,Kiaan Vyas,50,5,Marketing Coordinator,Female,Marketing,1014883,2,50,No,No,26,5,PhD,5,8,25.89,1,0,0,1,1,0,0,0,0,1
E00619,Jayesh Sengupta,50,4,Recruiter,Male,HR,559057,4,50,Yes,Yes,37,2,Bachelor's,2,18,42.58,1,1,1,1,1,0,1,1,1,0
E00620,Ritvik Gupta,22,1,Intern,Male,Marketing,304169,1,40,No,No,5,1,Bachelor's,5,12,13.19,1,1,1,1,1,0,0,1,1,0
E00621,Riaan Majumdar,50,4,HR Manager,M,HR,2005445,2,40,Yes,No,14,3,PhD,3,19,30.58,1,0,1,1,1,1,0,0,0,0
E00622,Arhaan Sanghvi,38,6,Sales Manager,Female,Sales,1541283,1,55,No,No,28,2,Diploma,5,11,40.74,1,1,0,0,1,1,1,1,1,1
E00623,Priyansh Guha,36,3,Sales Manager,Male,Sales,1760270,2,40,Yes,No,35,2,Master's,1,17,13.98,1,0,0,0,0,1,1,1,1,1
E00624,Shray Bhavsar,49,2,Finance Manager,Female,Finance,1081408,5,55,Yes,No,11,3,Bachelor's,1,7,21.12,1,1,1,1,1,1,1,1,0,1
E00625,Faiyaz Ramesh,33,2,Recruiter,Female,HR,889825,1,55,Yes,Yes,43,3,Master's,1,7,21.72,0,1,1,1,1,0,1,1,0,0
E00626,Ivan Aurora,21,1,Intern,Female,Sales,403903,1,40,No,No,20,4,Bachelor's,3,3,47.74,0,0,1,0,0,0,0,1,1,0
E00627,Kashvi Issac,32,2,Finance Manager,Male,Finance,1495236,3,40,No,Yes,29,4,Diploma,4,19,13.62,1,1,1,1,0,1,0,1,1,1
E00629,Vanya Kala,49,4,HR Manager,Male,HR,2602458,2,45,Yes,Yes,19,3,Diploma,1,19,9.41,0,1,1,1,1,0,0,0,1,0
E00632,Eshani Bir,39,6,Marketing Associate,Female,Marketing,1410675,3,55,No,No,5,2,Master's,3,9,8.74,1,0,1,0,0,0,1,1,0,1
E00633,Taimur Yogi,24,1,Intern,Female,Sales,310694,3,40,Yes,No,43,2,Bachelor's,3,19,45.00,1,1,1,1,1,1,1,1,0,0
E00634,Saanvi Sundaram,27,1,Marketing Coordinator,F,Marketing,1053309,5,50,Yes,Yes,27,5,Master's,3,19,28.69,0,1,0,0,0,0,0,1,1,1
E00635,Piya Bhargava,29,2,Marketing Coordinator,Male,Marketing,1328760,3,55,No,No,39,4,PhD,3,14,23.80,1,1,1,1,0,1,1,1,1,1
E00636,Trisha Venkataraman,49,5,Marketing Associate,F,Marketing,1102197,5,50,Yes,No,41,2,Bachelor's,1,11,22.76,0,1,1,0,0,0,1,1,0,1
E00637,Indranil Garg,20,1,Intern,Female,Sales,355229,3,50,Yes,No,48,5,Bachelor's,1,11,9.86,1,1,0,0,0,1,1,1,0,1
E00638,Hazel Saran,50,1,Financial Analyst,Female,Finance,509503,4,45,Yes,No,22,5,Master's,1,20,29.63,0,0,0,1,0,1,1,1,1,1
E00639,Uthkarsh Shankar,23,1,Intern,Female,HR,335960,5,40,No,No,25,4,Bachelor's,5,14,45.74,1,1,1,0,1,0,0,1,0,0
E00640,Miraan Wable,19,1,Intern,Male,HR,499608,5,55,Yes,No,6,4,Bachelor's,3,7,5.34,0,1,0,0,0,0,0,1,1,1
E00641,Shray Hayer,25,2,AccountExec.,Female,Sales,972709,1,50,Yes,No,37,1,Bachelor's,2,11,45.56,0,1,1,1,1,1,1,1,1,1
E00642,Diya Dua,22,1,Intern,Female,Finance,400000,2,45,Yes,No,43,5,Diploma,2,10,38.60,1,0,0,0,1,1,0,1,0,0
E00643,Yuvraj  Talwar,36,4,Marketing Associate,Male,Marketing,1019137,2,40,No,No,5,5,Master's,3,12,46.78,1,1,1,1,1,0,0,1,0,0
E00644,Pihu Bose,27,4,Accountant,Male,Finance,821256,2,45,No,No,41,4,Bachelor's,4,19,26.83,0,1,1,0,1,1,1,1,0,1
E00645,Aarush Manne,50,6,Director,Male,Marketing,5500000,2,55,No,No,29,1,Master's,3,0,39.80,1,0,1,1,1,0,1,1,0,1
E00646,Rasha Sood,20,1,Intern,Female,Marketing,471338,1,55,No,No,20,1,Bachelor's,4,4,38.51,1,1,0,1,0,1,1,0,0,0
E00647,Kimaya Rout,44,4,HR Manager,F,HR,2263426,2,45,Yes,Yes,34,5,PhD,3,12,41.06,1,1,1,1,0,0,1,0,1,0
E00648,Priyansh Sankaran,50,3,Sales Manager,Male,Sales,1307800,1,40,No,No,48,1,Diploma,3,20,33.03,1,1,1,1,1,1,0,0,1,0
E00649,Uthkarsh Basak,23,1,Intern,Male,Marketing,411970,1,45,Yes,No,47,2,Bachelor's,3,14,39.57,1,1,1,1,1,1,1,1,1,1
E00650,Aayush Bhardwaj,39,5,Sales Representative,Male,Sales,911459,5,50,No,Yes,35,5,PhD,5,11,6.94,1,1,1,1,1,0,0,0,1,1
E00651,Saira Khosla,48,4,Finance Manager,Female,Finance,1314894,5,45,No,Yes,23,1,PhD,4,15,33.12,0,1,0,1,0,1,1,1,1,1
E00652,Emir Sandhu,27,1,Marketing Coordinator,M,Marketing,1491719,1,50,No,Yes,13,5,PhD,4,9,26.11,0,1,0,0,1,0,1,0,0,1
E00653,Tushar Master,37,5,Finance Manager,Male,Finance,1461416,5,40,No,No,29,2,PhD,5,2,22.80,1,1,0,1,1,0,0,1,0,0
E00654,Nitya Kohli,27,5,Marketing Coordinator,Male,Marketing,1236236,5,50,Yes,No,6,2,Diploma,2,17,17.56,1,1,1,0,1,0,0,1,1,1
E00655,Indranil Mand,22,1,Intern,Female,Finance,450000,4,50,Yes,No,18,4,Diploma,3,3,36.14,1,1,1,1,1,1,0,0,1,1
E00656,Vanya Varty,50,4,Financial Analyst,Male,Finance,739943,4,55,Yes,No,19,5,Bachelor's,3,20,43.77,0,1,0,1,0,1,0,0,0,1
E00657,Anay Thaker,49,5,Finance Manager,F,Finance,1269664,4,45,No,Yes,32,3,Master's,5,11,44.64,1,0,0,0,0,0,1,0,1,1
E00659,Advika Sathe,38,1,Financial Analyst,Male,Finance,734729,1,45,Yes,Yes,9,2,Bachelor's,2,17,26.03,0,0,0,1,1,0,1,0,1,1
E00660,Prerak Anne,44,3,HR Manager,M,HR,1503812,5,50,No,Yes,10,3,Bachelor's,5,19,21.78,0,1,0,0,0,1,1,0,0,0
E00661,Vidur Chada,42,5,Finance Manager,Female,Finance,897325,5,45,Yes,Yes,48,5,Bachelor's,2,20,9.15,1,1,1,1,1,1,1,1,1,1
E00662,Jivika Bala,19,1,Intern,Female,HR,480439,3,55,No,No,24,5,Bachelor's,5,1,13.69,1,1,1,1,1,0,1,1,0,0
E00664,Shamik Dada,38,4,SD 1,Female,IT,1906427,2,40,Yes,Yes,26,3,Bachelor's,2,13,12.09,1,1,1,0,0,0,0,1,0,0
E00666,Priyansh Thaman,49,1,HR Manager,F,HR,2306695,5,55,No,Yes,13,2,Diploma,5,4,35.40,0,0,1,1,0,1,0,1,1,0
E00669,Manikya Madan,50,3,Accountant,Female,Finance,848377,3,45,No,No,12,5,Diploma,5,18,35.30,1,1,1,0,1,1,1,1,1,0
E00670,Indranil Dora,50,4,Account Executive,Male,Sales,911306,4,40,No,Yes,18,4,Bachelor's,4,17,20.71,1,0,0,0,0,0,1,1,0,0
E00671,Amani Banerjee,25,1,Analyst,M,IT,801663,5,50,Yes,Yes,11,2,Master's,1,15,10.57,0,0,0,1,0,0,0,0,1,0
E00672,Anvi Hegde,21,1,SE Interns,Male,IT,377351,5,55,Yes,No,16,2,Diploma,3,20,48.83,0,1,0,0,0,1,1,1,1,0
E00673,Ivana Batra,28,3,Marketing Coordinator,Male,Marketing,1459154,1,45,Yes,Yes,17,1,Master's,2,4,18.38,1,0,0,1,0,1,1,0,0,0
E00676,Zoya Batta,50,2,Sales Manager,M,Sales,1797697,5,50,Yes,No,28,3,Diploma,1,7,37.62,1,1,1,1,1,0,1,1,1,0
E00677,Nirvi Venkatesh,22,1,Intern,Female,Marketing,321642,2,45,Yes,No,10,5,Diploma,1,16,28.99,0,0,0,1,0,1,1,1,1,1
E00678,Nitya Biswas,25,5,Recruiter,Male,HR,865192,4,40,Yes,No,38,3,Diploma,1,18,36.83,1,1,1,1,1,1,1,0,1,0
E00679,Aarush Babu,25,3,Creator,Male,Marketing,497891,3,50,Yes,No,20,2,Master's,1,8,49.25,0,0,1,0,0,0,1,0,0,0
E00680,Ivana Sarma,27,2,Financial Analyst,Male,Finance,740268,5,45,No,No,47,3,Bachelor's,4,4,11.46,0,0,1,1,1,1,1,1,1,1
E00682,Anika Mammen,47,5,Marketing Associate,Male,Marketing,1375676,1,55,No,Yes,22,1,Master's,3,19,28.55,1,0,1,0,0,1,1,1,0,1
E00683,Vanya Garg,22,1,Intern,Male,Sales,331641,3,55,No,No,50,5,Diploma,5,17,23.98,1,0,1,1,1,1,0,1,1,0
E00684,Piya Agate,23,1,Intern,Male,Marketing,468716,5,50,Yes,No,17,5,Bachelor's,2,15,5.12,1,1,0,0,1,1,0,1,1,1
E00685,Manikya Kothari,31,4,Marketing Associate,Male,Marketing,1113743,3,50,Yes,No,37,1,Bachelor's,3,15,33.95,0,1,0,0,0,1,1,1,1,1
E00686,Raghav Chowdhury,22,1,Intern,Male,HR,430995,5,45,No,No,17,4,Diploma,4,1,12.54,0,0,0,1,1,0,0,1,0,0
E00687,Bhamini Goel,27,4,Recruiter,Female,HR,746934,3,45,No,Yes,22,3,PhD,4,18,25.96,1,1,1,0,0,0,0,0,1,0
E00688,Divij Barad,40,5,Sales Manager,Male,Sales,1536357,4,40,No,No,10,5,PhD,3,20,6.77,1,1,1,1,1,0,1,1,1,1
E00689,Kaira Kakar,50,2,Financial Analyst,F,Finance,632153,4,55,Yes,Yes,18,2,PhD,3,12,34.10,1,1,1,1,1,0,1,0,1,0
E00690,Seher Gour,25,0,SE Interns,Male,IT,350614,1,45,Yes,No,44,1,Diploma,2,4,36.97,1,1,1,1,0,1,0,1,0,0
E00692,Reyansh Chaudhry,32,2,IT support specialist,F,IT,1083300,3,50,Yes,Yes,49,4,Bachelor's,1,13,12.70,1,1,1,1,1,1,0,0,1,1
E00693,Nirvi Wable,33,2,HR Manager,Male,HR,1614278,3,45,No,No,35,4,Diploma,5,3,11.36,1,1,1,1,1,0,0,0,1,0
E00694,Raunak Handa,32,4,IT support specialist,Female,IT,1046750,1,45,Yes,No,20,4,Diploma,3,1,43.76,0,1,1,1,0,0,0,1,0,1
E00699,Ranbir Gola,27,5,DataAnalyst,Male,IT,1050782,3,45,Yes,Yes,42,3,PhD,3,18,26.40,1,1,0,1,1,0,0,1,1,0
E00701,Ehsaan Khatri,31,1,Sales Representative,Male,Sales,556027,1,55,Yes,No,47,3,Diploma,3,10,39.31,0,1,0,0,1,0,0,0,1,1
E00702,Fateh Kapoor,50,5,Accountant,Male,Finance,858644,5,55,Yes,No,16,3,Master's,3,8,30.97,0,0,0,1,1,0,1,0,0,1
E00703,Shray Dara,34,4,Sales Manager,Male,Sales,1857845,2,40,Yes,No,18,5,Diploma,1,14,8.77,1,0,1,1,1,1,1,1,1,1
E00704,Shayak Krish,50,6,HR Manager,Male,HR,2167236,5,45,No,No,6,3,PhD,5,4,21.98,1,1,1,1,1,1,0,0,1,0
E00705,Faiyaz Sangha,28,6,Data Analyst,Male,IT,1116506,1,50,No,No,39,1,Bachelor's,3,9,31.00,1,1,1,1,1,1,1,1,0,0
E00706,Vidur Kata,42,1,Accountant,Female,Finance,812070,1,50,Yes,Yes,46,1,PhD,1,10,13.26,0,1,1,0,0,1,1,0,0,0
E00707,Jivika Thakkar,34,4,Financial Analyst,Female,Finance,779004,1,40,Yes,Yes,49,3,Diploma,1,10,11.53,0,0,0,1,0,1,1,1,1,0
E00709,Aradhya Dada,23,1,Intern,Female,Sales,322476,4,50,No,No,50,4,Bachelor's,5,8,22.27,0,0,0,0,1,1,1,1,1,1
E00710,Ela Sani,50,6,Marketing Coordinator,Female,Marketing,1203845,1,55,No,No,44,3,PhD,5,11,40.47,0,1,1,1,1,1,0,0,0,0
E00711,Divij Keer,43,1,Marketing Associate,F,Marketing,1184913,5,55,Yes,Yes,45,5,Bachelor's,1,2,5.37,0,1,0,0,0,1,0,1,1,0
E00712,Vihaan Walla,30,1,HR Coordinator,Female,HR,1190818,1,40,Yes,No,38,4,Master's,3,1,30.69,0,0,1,0,0,1,1,1,1,1
E00713,Adah Bajwa,50,1,Marketing Coordinator,Male,Marketing,1196399,4,50,Yes,No,27,4,Bachelor's,2,12,25.48,0,1,1,1,0,1,0,1,1,1
E00714,Yuvraj  Batra,50,5,Sales Representative,Male,Sales,613697,2,40,Yes,Yes,44,3,Diploma,3,16,42.44,0,0,1,0,0,0,0,1,0,1
E00715,Krish Seshadri,23,1,Intern,Male,HR,358883,3,55,Yes,No,19,5,Bachelor's,2,17,44.69,0,0,0,0,1,0,0,1,0,0
E00716,Jayesh Bhalla,26,0,SE Interns,Male,IT,493047,5,50,Yes,No,30,2,Bachelor's,2,15,39.43,0,0,0,0,1,1,1,1,1,0
E00717,Yasmin Sarkar,28,1,Marketing Associate,Male,Marketing,1022218,3,45,Yes,No,13,2,Bachelor's,3,14,33.02,1,0,0,1,0,1,1,1,1,0
E00718,Aniruddh Dada,50,2,Accountant,M,Finance,908915,3,40,No,No,43,1,Master's,4,18,9.01,0,0,1,1,0,1,0,0,0,0
E00720,Hansh Bhardwaj,30,2,Data Analyst,Female,IT,984749,4,50,No,No,37,5,Bachelor's,4,19,40.29,0,0,0,1,0,1,1,1,1,0
E00723,Elakshi Yadav,20,1,Intern,Male,Marketing,400942,4,50,No,No,36,2,Bachelor's,3,3,19.54,1,1,0,0,1,1,0,1,1,1
E00724,Darshit Loyal,33,4,Sales Representative,Female,Sales,661492,3,50,No,No,9,2,Diploma,4,8,21.13,0,1,1,1,0,1,0,0,1,0
E00725,Mehul Comar,21,1,Intern,Male,Finance,300000,3,40,Yes,No,18,3,Bachelor's,3,14,16.45,0,0,1,1,0,0,0,0,1,1
E00726,Vaibhav Khanna,28,2,Analyst,M,IT,1095873,1,40,Yes,Yes,36,3,Master's,3,19,7.95,0,0,1,0,0,0,0,1,0,0
E00727,Adira Cheema,26,1,SE Interns,Female,IT,450878,5,40,No,No,28,4,Diploma,3,7,33.89,0,1,1,0,0,1,0,1,0,0
E00730,Renee Gour,46,2,Sales Manager,Female,Sales,1559209,3,55,No,No,31,2,Bachelor's,4,17,30.98,0,0,0,1,0,0,0,1,0,0
E00731,Parinaaz Karan,40,6,IT Support Head,Female,IT,1500000,1,45,No,No,21,3,PhD,5,11,36.85,0,1,1,1,1,1,1,1,1,1
E00732,Kimaya Kuruvilla,20,1,Intern,Male,Marketing,382822,3,55,Yes,No,16,1,Bachelor's,2,12,46.09,1,0,1,1,1,1,0,0,0,1
E00733,Ojas Behl,27,3,Creator,Male,Marketing,382052,1,55,No,Yes,5,5,Master's,3,18,24.25,1,1,0,1,1,0,1,0,1,0
E00734,Purab Arora,21,1,SE Interns,Female,IT,301218,2,55,No,No,46,2,Bachelor's,4,17,37.56,0,1,1,1,1,1,1,1,1,1
E00735,Miraya Som,50,3,Finance Manager,Male,Finance,1237317,4,45,Yes,No,36,2,Diploma,2,8,16.48,1,0,0,0,0,0,1,0,0,0
E00737,Krish Kade,24,1,Intern,Female,HR,499791,3,40,Yes,No,7,3,Bachelor's,1,3,36.52,0,1,1,0,0,1,1,1,0,1
E00741,Ira Gara,46,3,HR Manager,Male,HR,1603222,2,50,No,Yes,7,4,Diploma,5,5,16.17,1,1,1,1,1,0,0,0,0,1
E00742,Zeeshan Datta,44,5,HR Manager,Female,HR,1708495,2,45,Yes,No,27,1,Master's,2,1,14.87,0,1,1,1,1,0,0,1,0,1
E00743,Dhanush Mandal,24,1,Intern,Female,Sales,458283,5,40,No,No,40,4,Bachelor's,5,2,42.50,1,0,0,1,1,1,0,1,1,0
E00744,Mehul Karan,23,1,Intern,Female,Marketing,363361,4,50,Yes,No,35,3,Bachelor's,3,7,40.93,1,1,1,1,1,0,0,1,0,0
E00745,Stuvan Khosla,33,2,HR Manager,Female,HR,1569227,4,55,Yes,No,32,2,Diploma,1,7,29.86,0,0,1,0,0,1,0,0,0,1
E00746,Anay Kapoor,24,0,Intern,Female,Sales,460627,3,45,No,No,41,4,Diploma,4,17,24.72,1,1,1,1,1,1,1,0,1,0
E00747,Ishita Jain,29,5,Data Analyst,F,IT,891058,4,55,No,No,45,4,PhD,4,17,20.79,0,0,0,1,0,1,1,1,1,0
E00750,Hridaan Comar,27,6,Creator,Male,Marketing,328616,2,45,No,Yes,17,1,Diploma,4,15,10.00,0,1,0,1,0,0,1,0,1,1
